centre_place_id,centre_name,sports
ChIJ-2jOt33D9EcRLZL2mS5Gvz4,"Sun Set Soccer",soccer
ChIJ-Ro0hr3nDkgRA0q2y4bBD30,"UrbanSoccer - Rennes Cap Malo",soccer
ChIJ-S82HdRbwokRHcC6tN0__L4,"Brooklyn Force Soccer",soccer
ChIJ-XZhNZeG50cRLANyhp056JE,"Teams5 Amiens",soccer
ChIJ-eisyafYtRIRV-06tEm2VTo,"Footiball Arles",soccer
ChIJ-eyETc2ckUcRBWEN6LGV_u0,"LE FIVE Mulhouse",soccer
ChIJ-zWdGc7SwoARv4eN0GcHeyw,"Urban Soccer 5 Center",soccer
ChIJ02bKSuih6EcRb796CXVbkVs,"FIVE ARENA MEAUX",soccer
ChIJ0WKvjbh75kcRoqSmyWwW2jQ,"UrbanSoccer Meudon",soccer
ChIJ0dXjDCZs5kcRvX0EpMwxsUY,"UrbanSoccer - Porte d'Aubervilliers",soccer
ChIJ0zSROfj15kcR4l0wrCcYPMk,"Firefoot",soccer
ChIJ11ma8IIntBIRZR-K6mKJt68,"All Five Codognan",soccer
ChIJ1aOw95RfwokRe0fEYMdtNJg,"Soccer Center NYC",soccer
ChIJ1emlnUhL9IgRGZwtqD7Zz0k,"Revolution Soccer Complex",soccer
ChIJ291icE063UcR1gWGn8xhzpw,"LE FIVE Lens-Liévin",soccer
ChIJ2cJmdhf15kcRQ4mUOxIVzd0,"GOPARK Pontoise",soccer
ChIJ2dHdMZxr5kcR0aKYHYsp0pY,"LE FIVE Marville - La Courneuve",soccer
ChIJ2xDqIaNjjUcRJPUt8jWX5zI,"Play Arena Besançon",soccer
ChIJ2xTNglV25kcR3UDi4AXGfDU,"Speed Soccer Five",soccer
ChIJ2yg06abuBUgRixLY3NLRh14,"Smash Goal Nantes",soccer
ChIJ33melwQPsRIRJ7UFX-Rd8FM,"Arena Foot Béziers",soccer
ChIJ33wx0UrMyxIRabB0hcTFAz0,"Le Complexe Manosque",soccer
ChIJ39q_xupt5kcRazzdqWLF2s4,"Campus Sport dans la Ville Pantin",soccer
ChIJ3YEPnnax2YgROwtR5SNJvtE,"Soccer Complex Miami",soccer
ChIJ41AMCxC8yRIRLHLGt11sc-U,"FOOT INDOOR Marseille",soccer
ChIJ4Zh9okUpw4ARzt9_t2FR39Y,"SOFIVE - COVINA",soccer
ChIJ58ZerMgrw0cR2Jyp7tZjBn4,"UrbanSoccer - Lille Bondues",soccer
ChIJ5QHjQedfwokRcvhei27HV1o,"Socceroof LIC",soccer
ChIJ5dAPFv-CzhIRJx0DImYM_cc,"Cannes Soccer 5",soccer
ChIJ64X9jzx05kcRsHvSfOv6UcA,"Stadium Thiais",soccer
ChIJ6ULNmyh15kcRV9cjbnBjGr8,"Power Five",soccer
ChIJ6_q3Fxhq5kcRCpoEwnoXX1Q,"LE FIVE Sarcelles",soccer
ChIJ6bDBiosP5kcROXiloHzSdhc,"UrbanSoccer - Marne-La-Vallée",soccer
ChIJ6xFIgPWr9UcRxo6t2gZwcZM,"UrbanSoccer - Saint Etienne",soccer
ChIJ71Mv0Wpk5kcRg-H9x7L-dXo,"LE FIVE Bezons",soccer
ChIJ7eI8sFNv5kcR5xy52Wc57NU,"LE FIVE Paris 17",soccer
ChIJ82pNBpyBj4ARkbKldllNAAE,"SOFIVE - ALAMEDA",soccer
ChIJ84QrCMaYlEcRF5c_hb5H97c,"LE FIVE Nancy",soccer
ChIJ88lx3VwL5kcRVxCh4lD6_Gk,"LE FIVE Créteil",soccer
ChIJ8Tuh1mpi7UcRwv5WsRCd1fc,"Le Klube Dijon",soccer
ChIJ8wxhgGexrhIRm698kMPQIRw,"LE FIVE Colomiers",soccer
ChIJ92iJxOzZQIYRuhDjEWRNgyw,"West Houston Indoor Soccer",soccer
ChIJ934qQbG3lkcRm6TibMl6fgg,"LE FIVE Strasbourg",soccer
ChIJ96RKNVAc90cRD9SqpCA54CA,"UrbanSoccer - Clermont Aubière",soccer
ChIJ9T4fWfyL5kcRCBX-FyZLvEE,"LE FIVE Carrières-sous-Poissy",soccer
ChIJ9Wv9FbuTBUgRQNYd2r8vvrI,"Le Smile Sautron",soccer
ChIJA4uAhOXZ5UcRp-vZXZP-ovY,"LE FIVE Morangis",soccer
ChIJAQCwb4KXzhIRdJFsgoCRJyE,"AU FIVE Saint Raphaël",soccer
ChIJAQDAMXiV5kcRrL5fPp5Dj7g,"Foot Indoor Limay",soccer
ChIJAQNaA3nc9EcRYvB35x41mBs,"LE 5 DE LEGENDE",soccer
ChIJATah1RUX2jERAQV1-6wbBpM,"Soccer Rooftop",soccer
ChIJAYcXu5xNAUgRiFOwJiUbggQ,"LE FIVE La Rochelle",soccer
ChIJAdKS7b0yR4YRLzlho5qjzXQ,"uScore Soccer",soccer
ChIJAyKrntzoBUgRF09hrORC2nc,"UrbanSoccer - Nantes St-Sébastien",soccer
ChIJB1Epk28EyRIRXiphlsMqnOU,"Garden Soccer",soccer
ChIJBTa6FXebwoARpBWTlIVZOSY,"Northridge Futsal",soccer
ChIJBWiWc1HgDkgRnIHJ7R5SVU0,"Soccer Rennais",soccer
ChIJBcOLHhJ_CEgRBi_FUHPvAQ0,"UrbanSoccer - Angers",soccer
ChIJC8qhZ6m22YgRyRMteyq-EoU,"Pegaso Soccer",soccer
ChIJCRHQufUoVQ0RmXgf8oHOE08,"Bordeaux Soccer",soccer
ChIJD2NADbYklUcRLuKRL-fYqTU,"Foot 5 Yutz • FFF",soccer
ChIJDX03WfbX50cR_4gqKIFvcqk,"Le Stadium Compiègne",soccer
ChIJE8mb-Dow4EcRP3o5L88W8y4,"Arena 5",soccer
ChIJE8piT3Kx2YgRiH6pVi9sIvM,"Stadio Soccer",soccer
ChIJE9ZciNLHlkcRF9bBiXbLuYk,"Padel and Foot Strasbourg",soccer
ChIJEWyPupv7BUgRBqnhym4EyLk,"UrbanSoccer Nantes - Carquefou",soccer
ChIJF0eB88GAj4ARK7EcyG0E-28,"Estuary Park - Alameda",soccer
ChIJFSHIaJTB2YgRzi-_B_FVHtw,"Futbol Fever",soccer
ChIJFUMBTCUZEEgRd1d648O0VI0,"Breizh Soccer",soccer
ChIJFV442oCxrhIRgsZy5aIbkNs,"Classico Foot",soccer
ChIJFZU5oBHC9EcRJTFrSkI1xxg,"We Are Sports",soccer
ChIJGbxxaamUyRIRgGvhHnhJStA,"Monclub Futbol",soccer
ChIJGfUohl5u80cRkNdhfgbvDA0,"Footsall Omnisports Mâcon",soccer
ChIJHT4IIT8YyRIREI_EDEAf9gE,"Goal In d'Or La Farlède",soccer
ChIJHeG9fA4X5kcRbGNzVY5Ud5I,"OHSPORT",soccer
ChIJI2JYMoa42YgRP0sx16u-fRo,"Soccer 5 Tropical Park",soccer
ChIJIRUjAre-2YgRw_lDJcG3dD8,"Soccer City Miami",soccer
ChIJJWIca-qvthIRHxcGJpAq4kA,"Insport Montpellier - Près d'arènes",soccer
ChIJJXOtQ3d5CEgR5gqmLBWjkK4,"Angers SCO Footsal",soccer
ChIJJazitpdJ5kcRIN9wK_jwKUY,"FOOTMAX Saint-Maximin",soccer
ChIJJdTQjr0T5kcRZmGxtIJVy44,"LE FIVE Montreuil",soccer
ChIJK88_lR9wsBIRvGy5h9RQAaQ,"Stadium FIVE Center Perpignan",soccer
ChIJKb-U_9KSyRIRKIFKbH5mW18,"Z5 Aix",soccer
ChIJKcIlfy4-sRIRQpnxhc225GU,"Player 5M Bessan",soccer
ChIJM91frs_gyRIR0DmRNXYM0hc,"Olive et Tom Foot",soccer
ChIJMU8gErUJ5kcRSnpvacKwFtM,"LE PARK Servon",soccer
ChIJMYDG2oxr2hIR2VIfssGUycU,"Fun Foot Ajaccio",soccer
ChIJMZT87I2ggiERx46yqMI-es4,"LE FIVE Saint-Louis La Réunion",soccer
ChIJM_sC0-Nk5kcRhL1y_EFIje8,"UrbanSoccer - Puteaux",soccer
ChIJN4l-IC3v9EcRf9QJKIVC_aY,"UrbanSoccer - Lyon Barolles",soccer
ChIJNSDvlsXryRIRUXao9hwB79I,"Game 13 foot indoor",soccer
ChIJN_Jhj3P9yRIRB_PmaXuccA0,"Sports and Play Lançon de Provence",soccer
ChIJNcDntQGO9EcR3CbXF7xfc5o,"Factory Sport Games",soccer
ChIJNcurQqBZwokRYDgoFu6QXCI,"Chelsea Piers",soccer
ChIJNx4uAWf4wokRSocDyrK32sk,"Sofive Meadowlands",soccer
ChIJO-ZGkm6NwokRH5LzBlNfsIQ,"Socceroof New Rochelle",soccer
ChIJPVT4_n1u5kcRzji6FdTBXXo,"LE FIVE Paris 18",soccer
ChIJPa2mELahtRIRikXKS6RPLqI,"7 & Match Mondragon",soccer
ChIJQ-UxZn-5rhIRKWoQydM5T9s,"Play Soccer",soccer
ChIJQ2LL-D3MwoAR6vKb3yEZvgk,"SOFIVE - SOUTHGATE",soccer
ChIJQVuGzPsvlUcRg6R0U-o5k9M,"Foot 5 Veymerange • FFF",soccer
ChIJR3ro5nTWwkcRfM_S3Be9HjI,"UrbanSoccer - Lille Lezennes",soccer
ChIJR62kUm_ByRIRDnGQqGCeUVQ,"Le 13 - Foot en salle - Marseille",soccer
ChIJRSG64gm4lkcRPQTZbn3M85Q,"KG5 Strasbourg-Mundolsheim",soccer
ChIJRaMGi5gN5EcR_sqZitCqLPY,"L'Arène Chartres",soccer
ChIJS5VW0FUnD0gRUd2xV2pEeKY,"UrbanSoccer Rennes Vern",soccer
ChIJSRmb-4bjwokRX7H7p_nGfn8,"Superdome Sports Waldwick",soccer
ChIJSSGxg-PUzRIRblID9ACQndc,"Stadium Antibes",soccer
ChIJT3z7m-Nh7UcRm7VB5bhK3d0,"UrbanSoccer - Dijon",soccer
ChIJTUFnQjps5kcR0pHITLTw1PI,"LE FIVE Villette",soccer
ChIJTZ1wTCnZVA0Ra5hHoMEPn3I,"UrbanSoccer Bordeaux-Pessac",soccer
ChIJTcHVp4S55kcRUD4Mh5Pro98,"Football 5 Club Rosny",soccer
ChIJUc4N5XYSrBIRidC7hrwrqJ0,"THE SOC5CER - Montauban",soccer
ChIJV4SAsGqP4kcRQZ1u_kOCHfc,"UrbanSoccer Le Mans",soccer
ChIJV8UONORs5kcRXxR5Qd7x130,"LE FIVE Bobigny",soccer
ChIJVRdtdwa3QIYRzwyM77_hWMk,"Soccertime",soccer
ChIJVVVVEU3TzRIRX9_gbFDSBj0,"UrbanSoccer - Villeneuve Loubet",soccer
ChIJVVVVVQnXDIgRLBG0gleJUeg,"Soccer Planet",soccer
ChIJVXFMq4ylthIRtrZPBHOMTAc,"UrbanSoccer - Montpellier",soccer
ChIJVc4JI-FtjEcRkBpWIDCVoII,"LE FIVE Annemasse",soccer
ChIJW0Ut1G7e5UcRt621n2fRQ5M,"UrbanSoccer Evry",soccer
ChIJW6IzlEUz-UcRIlyS1lolmbc,"UrbanSoccer - Limoges",soccer
ChIJWTYmoZwtw4ARhhKsGjxJqdg,"SOFIVE - POMONA",soccer
ChIJWbH3tXW6FkgRHdcPREqDrwA,"Soccer Center",soccer
ChIJX0YulIi8yRIRnGh62u3UXTQ,"Evolution Football",soccer
ChIJX6YWdrz1ikcRwdG7lUc49fg,"UrbanSoccer - Grenoble",soccer
ChIJX6tTCaTg4EcREj-uKrMtLMc,"Le Temple du Foot",soccer
ChIJX7pTGkosi0cR22J6MKLnxdw,"Champions Five",soccer
ChIJXQyb1d8pw0cRLO_Ed5xHTIQ,"Footsal Cousinerie",soccer
ChIJY-WkusIR5kcR-tEad3UtaSQ,"Footbox",soccer
ChIJYTdldJm1woAReOjW_rwNSkU,"LAB FIVE SOCCER - GARDENA",soccer
ChIJYVUE_J9bwokRuEBZfRYfobU,"Globall Sports Centers - Brooklyn",soccer
ChIJYwnTqjHXQIYRDyENYgvwCWo,"Houston Soccer Field",soccer
ChIJZ0Mj1s9_j4ARt4-u90l2X84,"SFF Soccer - Mission Bay Field",soccer
ChIJZ0zooD1-j4ARzVFrHova9O4,"Mission Playground Soccer Pitch",soccer
ChIJZ79NO6deEEgRVJrNAlg8mQs,"ARENA 18 Caudan",soccer
ChIJZdrYy1D-yRIRrrlLXLwuv5Y,"LE COMPLEXE Salon-de-Provence",soccer
ChIJZe5X38-p2YgR7V1S_g4R5X8,"Granada Indoor Soccer",soccer
ChIJZwtLpkDNQIYRyLJuiJ7U-qQ,"Maya Indoor Soccer",soccer
ChIJZziKe5cvVQ0R5tJa9BeDd8o,"Futbol Futbol Artigues",soccer
ChIJ_W2Q_SPV_EcRj3zLt_rpEw4,"THE FIVE Tours",soccer
ChIJ_____yNwBUgRSG7Jc1nxPmY,"LIGUA FIVE Saint-Brevin",soccer
ChIJ_bOSChhz5kcRZMTeq_6Gdzg,"LE FIVE Paris 13",soccer
ChIJ_wfNJBVdwokRoU3ZUxM4oTc,"Socceroof Crown Heights",soccer
ChIJa69uraDryRIRRlY7a07cUqU,"Le B3 Soccer",soccer
ChIJa7HS298pw0cRMoVDj0XqVdI,"Footsal",soccer
ChIJa9Anja27kUcRNXt6NgUDdmY,"LE FIVE Saint-Louis - Bâle",soccer
ChIJad8c0qR16UcRMPDMaa34XJ8,"LE FIVE Reims",soccer
ChIJadntBAbbQIYRlM2WxDsMz7I,"The Indoor Soccer Box",soccer
ChIJaeLKMYXe5UcRHyWJ8X8FaPA,"B14 - Sports et Loisirs Indoor",soccer
ChIJb1_Rbhn7wokRPcV_ZAeB8mE,"Superdome Sports Fairlawn",soccer
ChIJbbOWFtC4yRIR0WXVerbWmnE,"STADIUM FOOT 5 VILLAGE",soccer
ChIJbeF8CznIlkcRkTmqhGiUECc,"UrbanSoccer - Strasbourg",soccer
ChIJcTtBl5GNwokRUooEpetsCCc,"Socceroof New Rochelle",soccer
ChIJc_uyt2s92jERFAD6KeKs66c,"Anse Foot",soccer
ChIJd-UEcsXztRIRA9jWoQe2RtU,"EFIVE Avignon Vedene",soccer
ChIJdUHbID8O5kcRV5lQhiHTvhs,"LE PARK Noisy",soccer
ChIJdxqeoAwxw4ARVXVSJLpNtVE,"SOFIVE - UPLAND",soccer
ChIJeSnd96VNjUcRMB1eWaVkmKs,"VSD39 Dole",soccer
ChIJeWJWRjYvw0cRbnJR4ZXAKMA,"Arena Club",soccer
ChIJee8K100N5kcRNfLktIYBoqs,"Foot 5 Champigny • FFF",soccer
ChIJf8cSCJG5rhIRoQadPH-wW1U,"Events Five",soccer
ChIJfWQYaM9v6kcR5wfQjFQqpv4,"Fit'n Soccer Sedan",soccer
ChIJfXprBx4b5kcRmhe-5pLZUek,"Top Ten",soccer
ChIJfXxYJ0xy5kcRw9xTkF6-FZQ,"UrbanSoccer - Quai d'Ivry",soccer
ChIJfdu-8NK4QIYRsNk7vR_t9S4,"Main Street Soccer",soccer
ChIJfzPcqtaRwoARXvzkvoBBQ5Y,"LAB FIVE SOCCER - PACOIMA",soccer
ChIJg2T7dqcdthIRsQBEO9wiews,"Z5 Istres",soccer
ChIJgRwhLzZV4UcRZ1kZ41ivPqU,"Ball In d'Or Dreux",soccer
ChIJgdPp24md8kcRRh_JKU2tDmA,"Foot 5 Dijon • FFF",soccer
ChIJh4rnfVhk5kcRV2Q-ZKdm8vA,"UrbanSoccer La Défense",soccer
ChIJi2oG_jAxahoRjTdSH05-ixY,"Kinshasa - Test",soccer
ChIJi4A-IrHoyRIRunoYLEGNeYI,"LE FIVE Vitrolles",soccer
ChIJi5LkLT9v5kcRSlhScqEFNWs,"UrbanSoccer - Asnières",soccer
ChIJi9oIzaRm5kcRJYcK7QsdRMU,"Foot-Max Argenteuil",soccer
ChIJiQuEX3joQIYRrK99NAG9BjM,"Lets Play!",soccer
ChIJj70TyWiL3EcR7iZ1fa-JRNk,"DK Park / LE FIVE Dunkerque",soccer
ChIJjUbM5G7A9EcRW3mlkrhyXxY,"F5 Foot Five",soccer
ChIJk-ujvdYv4EcRXoLCtLvjW7I,"Five Factory Le Havre",soccer
ChIJk5nUBdOkrhIRP-1aUJzo-lA,"UrbanSoccer - Toulouse Sept Deniers",soccer
ChIJk7CiF_xCtBIRIBZ_Q1ozEQg,"Soccer Team Alès",soccer
ChIJl772e0u8rhIR2foRX4Xa2CI,"UrbanSoccer - Toulouse Montaudran",soccer
ChIJmdX-2c-A5kcRj1wtOS8rZmo,"UrbanSoccer Guyancourt",soccer
ChIJmz3whejH9EcR3j9ApNRukKE,"LE FIVE OL",soccer
ChIJn2R2NT905kcRjqB29qldBxk,"VERSUSFOOT Thiais",soccer
ChIJn7xJyorytRIR5fCxB3seBOs,"BALL CONCEPT Monplaisir",soccer
ChIJnVE47IHn5UcRr5XRwCaPE38,"Le CR5",soccer
ChIJo-3LeLXsBUgRu6gtAgQ6sJA,"Le Sporting Nantes",soccer
ChIJoTqB5CJmkUcRheYL3WcGzXo,"Sport4lux Munsbach",soccer
ChIJoUEDcmvr9EcRILCz6hDCQ2o,"Sport dans la Ville Rhône-Alpes",soccer
ChIJoUR0syFp5kcRUlStnwluaYY,"FOOT IN FIVE",soccer
ChIJodpwmbLblEcRGk4-_FQorf4,"LE FIVE Metz",soccer
ChIJofRGnUSbkUcRzYQUtJAexeE,"GFC Foot Indoor Mulhouse",soccer
ChIJpZIJg7J45kcRrKWKhtbfnEQ,"UrbanSoccer Orsay",soccer
ChIJqzie9xRL5kcRyg89AlwL55E,"S-FIVE5",soccer
ChIJrd55eqy9_UcRafBnS1pNdaU,"Foot&Balls",soccer
ChIJrfgrMK9awokR-Z5O20hCD3w,"Socceroof Sunset Park",soccer
ChIJsRLZzKFg5kcRBCfNws9nssw,"Kaiser Park",soccer
ChIJsUuykglKw4ARCHx7QxSVhoY,"SOFIVE - RANCHO CUCAMONGA",soccer
ChIJsXi1PLYN5kcRTVVDuczgS2s,"LE FIVE Champigny",soccer
ChIJsYfwe3n75EcRnjpH9sw356Q,"LE FIVE Orléans Fleury",soccer
ChIJs_yKhaPvwkcRtt71kMRaz8A,"LE FIVE Valenciennes",soccer
ChIJsb_7TJFp5kcRSPL5VqZulr4,"BIG5",soccer
ChIJt-kZfv622YgR4PrDZCA7JCw,"Soctainer Miami",soccer
ChIJt_AXL6Jg5kcRu6rBmnrmeUM,"Le Street Beauchamp",soccer
ChIJteaBh_koVQ0RqH2VtN-qL5I,"LE FIVE Bordeaux",soccer
ChIJuTCIFshm5kcRBtEQJ76dAzc,"Foot POWER 5",soccer
ChIJu_DTlg8I2YgRQGdsz5y09e0,"Shooting Stars Indoor Soccer",soccer
ChIJv9owGLm-yRIRfuDnd3G6nR4,"MONCLUB 2.0",soccer
ChIJvcCWluNtsBIRYScZxAbEtxQ,"Le Temple FIVE Center",soccer
ChIJvytTY_JdwokRVMSxK5pjEyU,"Sofive Brooklyn",soccer
ChIJwU28MyyB5kcRHVcpV1mkYVo,"Foot à 5 @ Le club le Village",soccer
ChIJwdUawmfVwkcRaNLo_CmNii0,"Spot FUTSAL",soccer
ChIJwdVDuwo-kkcR5rIoryU9p4k,"Le Classico 70 Héricourt",soccer
ChIJx3FQWjLC9EcRrrQb2eV7i_4,"UrbanSoccer - Lyon Parilly",soccer
ChIJxSxBZ0rmyRIRD43lI6mPqdE,"Mondial Soccer Martigues",soccer
ChIJxWBxmALaVA0Rop0OWS3Q3fY,"UrbanSoccer - Bordeaux Mérignac",soccer
ChIJxZ6UmMW-yRIR7ot5DChYj4w,"Massilia Five",soccer
ChIJxZ6UmMW-yRIRfYNGGPPJfIU,"Massilia Foot Indoor 2",soccer
ChIJxcqO6tTqQIYRnAUZYsEpl_s,"Houston Sports Park",soccer
ChIJydcoT88ow0cRLnHvlF-Z_jE,"KIPSTADIUM",soccer
ChIJyfJZiyPaVA0RlY6_mDcql7U,"GINGA Foot Mérignac",soccer
ChIJz6UVWpa22YgRUJImJbvFehM,"Downtown Soccer Miami",soccer
ChIJzRK7HJy_yRIRqEreyEiAfC0,"Le Mercato FOOT INDOOR",soccer
ChIJzUFPDv_v5EcRG6gmhm_t_HA,"LE FIVE Orléans Ingré",soccer
ChIc7ot9ESvGhIRqni6q0J6B4fY,"LE FIVE Rouen",soccer
ChIeaIuWCc7lUcRhgvoCbAgwIc,"Soccer Arena Manom",soccer
ChIemIPT3S7dEkcRHYSOAnApZaA,"L'ÉTINCELLE Sélestat",soccer
ChIJLdkocwBh5kcR14AXaHHKBaw,"IMPULSTAR PARK",soccer