"firebase_id","role","sport","status","tested_skill","version","question_en","question_fr","question_es","question_it","answer_1_emoji","answer_1_score","answer_1_order","answer_1_text_en","answer_1_text_fr","answer_1_text_es","answer_1_text_it","answer_2_emoji","answer_2_score","answer_2_order","answer_2_text_en","answer_2_text_fr","answer_2_text_es","answer_2_text_it","answer_3_emoji","answer_3_score","answer_3_order","answer_3_text_en","answer_3_text_fr","answer_3_text_es","answer_3_text_it","answer_4_emoji","answer_4_score","answer_4_order","answer_4_text_en","answer_4_text_fr","answer_4_text_es","answer_4_text_it","answer_5_emoji","answer_5_score","answer_5_order","answer_5_text_en","answer_5_text_fr","answer_5_text_es","answer_5_text_it","answer_6_emoji","answer_6_score","answer_6_order","answer_6_text_en","answer_6_text_fr","answer_6_text_es","answer_6_text_it"
"04JjksdpY7eCmFMDVVNs","defender","soccer","published","meta",1,"When you talk about your level, you're more like...","Quand tu parles de ton niveau, tu plutôt…","Cuando hablas de tu nivel, eres más bien...","Quando parli del tuo livello, sei piuttosto...","😩",2,1,"I clearly overestimate myself","Je me surestime clairement","Claramente me sobrevaloro","Mi sopravvaluto chiaramente","😵‍💫",4,2,"I brag a little","Je me vante un peu","Presumo un poco","Mi vanto un po'","😅",6,3,"I often see the bright side","Je vois souvent le bon côté","Veo a menudo el lado bueno","Vedo spesso il lato positivo","💪",8,4,"I try to be honest","J’essaie d’être honnête","Intento ser honesto","Cerco di essere onesto","🦾",10,5,"I'm quite objective","Je suis plutôt objectif","Soy bastante objetivo","Sono piuttosto obiettivo","😎",12,6,"I'm super clear-headed (even about my flaws)","Je suis super lucide (même sur mes défauts)","Soy súper lúcido (incluso sobre mis defectos)","Sono super lucido (anche sui miei difetti)"
"08rQDDdLjUnoPrXH3f8B","midfielder","soccer","published","meta",1,"Le plus important pour toi, c'est de…","Le plus important pour toi, c'est de…","Lo más importante para ti es...","La cosa più importante per te è…","😩",2,1,"Laugh, not take myself seriously","Rigoler, ne pas me prendre au sérieux","Reír, no tomarme en serio","Ridere, non prendermi sul serio","😵‍💫",4,2,"Me défouler un peu","Me défouler un peu","Desahogarme un poco","Sfamarmi un po'","😅",6,3,"Passer un bon moment entre potes","Passer un bon moment entre potes","Pasar un buen rato entre amigos","Passare un buon momento tra amici","💪",8,4,"Être utile à l’équipe","Être utile à l’équipe","Ser útil para el equipo","Essere utile alla squadra","🦾",10,5,"Gagner si possible","Gagner si possible","Ganar si es posible","Vincere se possibile","😎",12,6,"Gagner, peu importe comment","Gagner, peu importe comment","Ganar, sin importar cómo","Vincere, a qualunque costo"
"1cPSgGA7PlVLjmDJ1d68","defender","soccer","published","physicality",1,"At the end of the game, the opposing team launches a counterattack...","En fin de match, une contre-attaque adverse se déclenche…","Al final del partido, el equipo contrario lanza un contraataque...","Alla fine della partita, la squadra avversaria parte con un contropiede...","😩",2,1,"I can't run anymore","Je n’arrive plus à courir","Ya no puedo correr","Non riesco più a correre","😵‍💫",4,2,"I stay behind the play","Je reste derrière l’action","Me quedo detrás de la acción","Resto dietro l'azione","😅",6,3,"I jog back","Je reviens au trot","Regreso al trote","Torno indietro al trotto","💪",8,4,"I come back slowly but surely","Je reviens lentement mais sûrement","Regreso lento pero seguro","Torno indietro lentamente ma sicuramente","🦾",10,5,"I'm in the duel despite the fatigue","Je suis au duel malgré la fatigue","Estoy en el duelo a pesar del cansancio","Sono al duello nonostante la fatica","😎",12,6,"I sprint and intercept the play","Je sprinte et intercepte l’action","Sprinto e intercepto la acción","Scatto e intercetto l'azione"
"1sB87SZOKuuN94xZzjrU","defender","soccer","published","defence",1,"A forward tries to get past you one-on-one...","Un attaquant tente de te passer en un contre un…","Un delantero intenta pasarte en un uno contra uno...","Un attaccante cerca di superarti in un uno contro uno...","😩",2,1,"I get passed without reacting","Je me fais passer sans réagir","Me pasa sin que reaccione","Mi supera senza reagire","😵‍💫",4,2,"I tackle too late and commit a foul","Je tacle trop tard et je fais faute","Entré tarde y cometí falta","Tacklo troppo tardi e faccio fallo","😅",6,3,"I slow him down a bit but he gets through","Je le freine un peu mais il passe","Lo freno un poco pero pasa","Lo freno un po' ma passa","💪",8,4,"I stay on my feet and block him well","Je reste debout et je le gêne bien","Me mantengo de pie y lo incomodo bien","Rimango in piedi e lo ostacolo bene","🦾",10,5,"I prevent him from shooting","Je l’empêche de frapper","Le impido disparar","Gli impedisco di tirare","😎",12,6,"I recover cleanly without fouling","Je récupère proprement sans faute","Recupero limpiamente sin falta","Recupero pulito senza fallo"
"4Q5d2VU8gDk1IPIu5mOO","goalkeeper","soccer","published","shot-stopping",1,"A huge shot is taken from a distance...","Une énorme frappe est tirée de loin…","Un disparo enorme se lanza desde lejos...","Un tiro enorme viene scagliato da lontano...","😩",2,1,"I don't have time to move","Je n’ai pas le temps de bouger","No tengo tiempo de moverme","Non ho il tempo di muovermi","😵‍💫",4,2,"I dive too late","Je plonge trop tard","Me lanzo demasiado tarde","Mi tuffo troppo tardi","😅",6,3,"I barely touch it without stopping it","Je la frôle sans l’arrêter","La rozo sin detenerla","La sfioro senza fermarla","💪",8,4,"I deflect it with my fingertips","Je la dévie du bout des doigts","La desvío con la punta de los dedos","La devio con la punta delle dita","🦾",10,5,"I push it away well","Je la repousse bien","La rechazo bien","La respingo bene","😎",12,6,"I catch it without a bounce","Je la capte sans rebond","La atrapo sin que rebote","La prendo senza rimbalzo"
"4QLyC8avxekKKPl0naIC","goalkeeper","soccer","published","reflexes",1,"The forward shoots from close range...","L’attaquant frappe à bout portant…","El delantero dispara desde cerca...","L'attaccante tira da distanza ravvicinata...","😩",2,1,"I stay in place","Je reste sur place","Me quedo en el sitio","Rimango fermo","😵‍💫",4,2,"I react too late","Je réagis trop tard","Reacciono demasiado tarde","Reagisco troppo tardi","😅",6,3,"I raise my arm too slowly","Je lève le bras trop lentement","Levanto el brazo demasiado lento","Alzo il braccio troppo lentamente","💪",8,4,"I dive at the last moment","Je me jette au dernier moment","Me lanzo en el último momento","Mi lancio all'ultimo momento","🦾",10,5,"I just manage to deflect it with my foot","Je dévie du pied de justesse","La desvío con el pie por poco","La devio col piede per un pelo","😎",12,6,"I stop it without thinking","Je l’arrête sans réfléchir","La detengo sin pensar","La fermo senza pensarci"
"5DDWqfinLIgWDqHVOPD8","defender","soccer","published","meta",1,"In your team, you're more like...","Dans ton équipe, tu es plutôt…","En tu equipo, eres más bien...","Nella tua squadra, sei piuttosto...","😩",2,1,"The one picked last","Celui qu’on prend en dernier","El que eligen de último","Quello che si sceglie per ultimo","😵‍💫",4,2,"Often struggling","Souvent en galère","A menudo en apuros","Spesso in difficoltà","😅",6,3,"Decent, nothing more","Correct sans plus","Correcto sin más","Corretto senza più","💪",8,4,"Pretty reliable","Plutôt fiable","Bastante confiable","Piuttosto affidabile","🦾",10,5,"One of the good ones","L’un des bons","Uno de los buenos","Uno dei buoni","😎",12,6,"One of the best","L’un des meilleurs","Uno de los mejores","Uno dei migliori"
"5HRQhE08ugG3YjiBMTpV","forward","soccer","published","meta",1,"Regarding concentration, on the field, you're...","Niveau concentration, sur le terrain, tu es…","En cuanto a concentración, en el campo, eres...","Livello di concentrazione, in campo, sei...","😩",2,1,"Always elsewhere","Toujours ailleurs","Siempre en otro lado","Sempre altrove","😵‍💫",4,2,"I often drift off","Je décroche souvent","Me desconcentro a menudo","Mi distraggo spesso","😅",6,3,"It depends on the moments","Ça dépend des moments","Depende del momento","Dipende dai momenti","💪",8,4,"Rather focused","Plutôt concentré","Más bien concentrado","Piuttosto concentrato","🦾",10,5,"Focused almost the whole game","Focus quasi tout le match","Casi todo el partido enfocado","Quasi tutto il match concentrato","😎",12,6,"Nothing distracts me","Rien ne me déconcentre","Nada me desconcentra","Niente mi distrae"
"5kv39mGjFYS28lwle3P5","forward","soccer","published","meta",1,"When you talk about your level, you're more like...","Quand tu parles de ton niveau, tu plutôt…","Cuando hablas de tu nivel, eres más bien...","Quando parli del tuo livello, sei piuttosto...","😩",2,1,"I clearly overestimate myself","Je me surestime clairement","Claramente me sobrevaloro","Mi sopravvaluto chiaramente","😵‍💫",4,2,"I brag a little","Je me vante un peu","Presumo un poco","Mi vanto un po'","😅",6,3,"I often see the bright side","Je vois souvent le bon côté","Veo a menudo el lado bueno","Vedo spesso il lato positivo","💪",8,4,"I try to be honest","J’essaie d’être honnête","Intento ser honesto","Cerco di essere onesto","🦾",10,5,"I'm quite objective","Je suis plutôt objectif","Soy bastante objetivo","Sono piuttosto obiettivo","😎",12,6,"I'm super clear-headed (even about my flaws)","Je suis super lucide (même sur mes défauts)","Soy súper lúcido (incluso sobre mis defectos)","Sono super lucido (anche sui miei difetti)"
"5n66imvKSSBc5dusW6px","forward","soccer","published","passing",1,"You pull off a one-two in the attacking zone...","Tu fais un une-deux en zone offensive…","Haces un uno-dos en la zona de ataque...","Fai un uno-due in zona d'attacco...","😩",2,1,"I'm slow to pass","Je tarde à passer","Tardo en pasar","Ritardo a passare","😵‍💫",4,2,"I miss the support pass","Je rate la passe en appui","Fallo el pase de apoyo","Sbaglio il passaggio di appoggio","😅",6,3,"I combine but too slowly","Je combine mais trop lentement","Combino pero muy lento","Combino ma troppo lentamente","💪",8,4,"I pass and move off timidly","Je la donne et je repars timide","La doy y arranco tímido","La do e riparto timido","🦾",10,5,"I play quickly and get back into position","Je joue vite et je suis relancé","Juego rápido y me relanzo","Gioco veloce e sono rilanciato","😎",12,6,"I make a clear and quick combination","Je fais une combinaison nette et rapide","Hago una combinación clara y rápida","Faccio una combinazione netta e rapida"
"5rOMubDARyjEYK9vfsbZ","forward","soccer","published","defence",1,"You lose a high ball, the opponent launches a counter...","Tu perds un ballon haut, l’adversaire relance…","Pierdes un balón alto, el rival lanza un contraataque...","Perdi un pallone alto, l'avversario lancia un contropiede...","😩",2,1,"I stay complaining","Je reste à me plaindre","Me quedo quejándome","Resto a lamentarmi","😵‍💫",4,2,"I pretend to press","Je fais semblant de presser","Finjo presionar","Fingo di pressare","😅",6,3,"I press without conviction","Je presse sans y croire","Presiono sin creerlo","Pressare senza crederci","💪",8,4,"I disrupt the counterattack","Je gêne la relance","Dificulto la relanza","Metto in difficoltà la ripartenza","🦾",10,5,"I force an error","Je pousse à la faute","Provoco el error","Spingo all'errore","😎",12,6,"I recover or push the opponent back","Je récupère ou fais reculer l’adversaire","Recupero o hago retroceder al adversario","Recupero o faccio arretrare l'avversario"
"5x8562JrAMS409LQPFFu","forward","soccer","published","meta",1,"Do you play soccer often?","Tu joues souvent au foot ?","¿Juegas seguido al fútbol?","Giochi spesso a calcio?","😩",2,1,"Very rarely, almost never","Très rarement, presque jamais","Muy raramente, casi nunca","Molto raramente, quasi mai","😵‍💫",4,2,"Once every 2-3 months","Une fois tous les 2-3 mois","Una vez cada 2-3 meses","Una volta ogni 2-3 mesi","😅",6,3,"About once a month","Environ une fois par mois","Aproximadamente una vez al mes","Circa una volta al mese","💪",8,4,"About twice a month","Environ 2 fois par mois","Aproximadamente 2 veces al mes","Circa 2 volte al mese","🦾",10,5,"Almost every week","Presque toutes les semaines","Casi todas las semanas","Quasi tutte le settimane","😎",12,6,"Every week, or more","Toutes les semaines, voire plus","Todas las semanas, incluso más","Tutte le settimane, se non di più"
"7WxaUvwGFhASOXOcvCP1","midfielder","soccer","published","pace",1,"Your winger's making a deep run, you want to back them up...","Ton ailier part dans la profondeur, tu veux le soutenir…","Tu extremo se va en una carrera profunda, quieres apoyarlo...","Il tuo esterno sta facendo una corsa profonda, vuoi sostenerlo...","😩",2,1,"I don't even start","Je ne pars même pas","Ni siquiera salgo","Non parto nemmeno","😵‍💫",4,2,"I start too late","Je pars trop tard","Salgo tarde","Parto troppo tardi","😅",6,3,"I follow but drop off quickly","Je suis mais je décroche vite","Lo sigo pero me descuelgo rápido","Seguo ma mi stacco subito","💪",8,4,"I support but I'm late","Je suis en soutien mais en retard","Estoy en apoyo pero tarde","Sono in supporto ma in ritardo","🦾",10,5,"I'm available at the edge of the box","Je suis disponible à l’entrée de la surface","Estoy disponible en la entrada del área","Sono disponibile all'ingresso dell'area","😎",12,6,"I overtake and offer an option","Je le dépasse et je propose une solution","Lo supero y propongo una solución","Lo supero e propongo una soluzione"
"7pedAENKPthub901yXbA","midfielder","soccer","published","meta",1,"Le plus important pour toi, c'est de…","Le plus important pour toi, c'est de…","Lo más importante para ti es...","La cosa più importante per te è…","😩",2,1,"Laugh, not take myself seriously","Rigoler, ne pas me prendre au sérieux","Reír, no tomarme en serio","Ridere, non prendermi sul serio","😵‍💫",4,2,"Me défouler un peu","Me défouler un peu","Desahogarme un poco","Sfamarmi un po'","😅",6,3,"Passer un bon moment entre potes","Passer un bon moment entre potes","Pasar un buen rato entre amigos","Passare un buon momento tra amici","💪",8,4,"Être utile à l’équipe","Être utile à l’équipe","Ser útil para el equipo","Essere utile alla squadra","🦾",10,5,"Gagner si possible","Gagner si possible","Ganar si es posible","Vincere se possibile","😎",12,6,"Gagner, peu importe comment","Gagner, peu importe comment","Ganar, sin importar cómo","Vincere, a qualunque costo"
"7vikih4mNuwB63LWnIIE","forward","soccer","published","meta",1,"Le plus important pour toi, c'est de…","Le plus important pour toi, c'est de…","Lo más importante para ti es...","La cosa più importante per te è…","😩",2,1,"Laugh, not take myself seriously","Rigoler, ne pas me prendre au sérieux","Reír, no tomarme en serio","Ridere, non prendermi sul serio","😵‍💫",4,2,"Me défouler un peu","Me défouler un peu","Desahogarme un poco","Sfamarmi un po'","😅",6,3,"Passer un bon moment entre potes","Passer un bon moment entre potes","Pasar un buen rato entre amigos","Passare un buon momento tra amici","💪",8,4,"Être utile à l’équipe","Être utile à l’équipe","Ser útil para el equipo","Essere utile alla squadra","🦾",10,5,"Gagner si possible","Gagner si possible","Ganar si es posible","Vincere se possibile","😎",12,6,"Gagner, peu importe comment","Gagner, peu importe comment","Ganar, sin importar cómo","Vincere, a qualunque costo"
"8N4XbiwNERCdMXnzzoUZ","defender","soccer","published","defence",1,"A player dribbles into your zone...","Un joueur entre dans ta zone en conduite de balle…","Un jugador entra en tu zona manejando el balón...","Un giocatore entra nella tua zona palla al piede...","😩",2,1,"I leave too much space","Je laisse trop d’espace","Dejo demasiado espacio","Lascio troppo spazio","😵‍💫",4,2,"I back off without intervening","Je recule sans intervenir","Retrocedo sin intervenir","Arretro senza intervenire","😅",6,3,"I slow him down but he gets through","Je le ralentis mais il passe","Lo ralentizo pero pasa","Lo rallento ma passa","💪",8,4,"I push him to play on the side","Je le pousse à jouer sur le côté","Lo empujo a jugar por el lado","Lo costringo a giocare sul lato","🦾",10,5,"I block the shooting angle","Je bloque l’angle de frappe","Bloqueo el ángulo de tiro","Blocco l'angolo di tiro","😎",12,6,"I cut off his run cleanly","Je coupe sa course proprement","Corto su carrera limpiamente","Interrompo la sua corsa pulito"
"9fvoC7JS1fuh7cA74Xn0","defender","soccer","published","shooting",1,"The ball's hanging around at the edge of the opponent's box...","Le ballon traîne à l’entrée de la surface adverse…","El balón anda rondando el borde del área rival...","La palla è lì al limite dell'area avversaria...","😩",2,1,"I completely miss my shot","Je rate complètement ma frappe","Fallo completamente mi tiro","Sbaglio completamente il tiro","😵‍💫",4,2,"I rush it and shoot over the bar","Je tape au-dessus dans la précipitation","Le pego por encima en la precipitación","Tiro sopra nella fretta","😅",6,3,"I shoot without control and it's weak","Je tire sans contrôle et c’est mou","Tiro sin control y es flojo","Tiro senza controllo ed è debole","💪",8,4,"I hit it well but it's saved","Je la prends bien mais elle est arrêtée","Le pego bien pero es detenida","La prendo bene ma viene fermata","🦾",10,5,"I aim well but it's blocked","Je vise bien mais c’est contré","Apunto bien pero es bloqueada","Miro bene ma viene deviata","😎",12,6,"I strike hard and it's a goal","Je frappe fort et ça fait but","Le pego fuerte y es gol","Tiro forte ed è gol"
"AH7Q0F2Iy9Ut2q0ocDdW","midfielder","soccer","published","shooting",1,"You get a back pass right in front of the box...","Tu reçois une passe en retrait juste devant la surface…","Te llega un pase atrás justo frente al área...","Ricevi un passaggio indietro proprio davanti all'area...","😩",2,1,"I completely miss the ball","Je loupe complètement le ballon","Fallo completamente el balón","Manco completamente la palla","😵‍💫",4,2,"I shoot without control and it goes out","Je frappe sans contrôle et ça sort","Disparo sin control y se va fuera","Tiro senza controllo e va fuori","😅",6,3,"I shoot but it's too weak","Je tire mais c’est trop mou","Tiro pero es muy suave","Tiro ma è troppo debole","💪",8,4,"I hit the target but it's not dangerous","Je cadre sans danger","Apunto sin peligro","Inquadro senza pericolo","🦾",10,5,"I shoot hard, the goalkeeper pushes it away","Je frappe fort, le gardien repousse","Disparo fuerte, el portero rechaza","Tiro forte, il portiere respinge","😎",12,6,"I score with a well-placed shot","Je marque avec une frappe placée","Marco con un tiro colocado","Segno con un tiro piazzato"
"AtrFhG1FGTMfRnHTFqec","forward","soccer","published","meta",1,"Among your friends who also play, what level are you at?","Parmi tes potes qui jouent aussi, tu es à quel niveau ?","Entre tus amigos que también juegan, ¿en qué nivel estás?","Tra i tuoi amici che giocano anche, a che livello sei?","😩",2,1,"I'm at the bottom of the pack","Je suis en bas du panier","Estoy en el fondo del barril","Sono in fondo al gruppo","😵‍💫",4,2,"I'm not very good","Je suis pas très bon","No soy muy bueno","Non sono molto bravo","😅",6,3,"I manage","Je me débrouille","Me las arreglo","Me la cavo","💪",8,4,"I'm in the higher average","Je suis dans la moyenne haute","Estoy en la media alta","Sono nella media alta","🦾",10,5,"I'm often among the best","Je suis souvent parmi les meilleurs","A menudo estoy entre los mejores","Sono spesso tra i migliori","😎",12,6,"I'm above the rest","Je suis au-dessus du lot","Estoy por encima del promedio","Sono al di sopra della media"
"AuWojYPXjhQ0q5eSP8mJ","midfielder","soccer","published","meta",1,"When you play, your team usually...","Quand tu joues, ton équipe a l’habitude de…","Cuando juegas, tu equipo suele...","Quando giochi, la tua squadra è solita...","😩",2,1,"Getting thrashed every time","Se faire éclater à chaque fois","Ser aplastado cada vez","Essere sconfitti ogni volta","😵‍💫",4,2,"Lose often","Perdre souvent","Perder a menudo","Perdere spesso","😅",6,3,"Win/lose, it depends","Perdre/gagner, ça dépend","Perder/ganar, depende","Perdere/vincere, dipende","💪",8,4,"Win a bit more than they lose","Gagner un peu plus qu’elle perd","Ganar un poco más de lo que pierde","Vincere un po' più di quanto perde","🦾",10,5,"Win often","Gagner souvent","Ganar a menudo","Vincere spesso","😎",12,6,"Win almost all the time","Gagner presque tout le temps","Ganar casi todo el tiempo","Vincere quasi sempre"
"BANci1RkENJGmDfh575p","forward","soccer","published","meta",1,"Regarding concentration, on the field, you're...","Niveau concentration, sur le terrain, tu es…","En cuanto a concentración, en el campo, eres...","Livello di concentrazione, in campo, sei...","😩",2,1,"Always elsewhere","Toujours ailleurs","Siempre en otro lado","Sempre altrove","😵‍💫",4,2,"I often drift off","Je décroche souvent","Me desconcentro a menudo","Mi distraggo spesso","😅",6,3,"It depends on the moments","Ça dépend des moments","Depende del momento","Dipende dai momenti","💪",8,4,"Rather focused","Plutôt concentré","Más bien concentrado","Piuttosto concentrato","🦾",10,5,"Focused almost the whole game","Focus quasi tout le match","Casi todo el partido enfocado","Quasi tutto il match concentrato","😎",12,6,"Nothing distracts me","Rien ne me déconcentre","Nada me desconcentra","Niente mi distrae"
"BFIIjHsQdmftBDNNTxyr","defender","soccer","published","meta",1,"Le plus important pour toi, c'est de…","Le plus important pour toi, c'est de…","Lo más importante para ti es...","La cosa più importante per te è…","😩",2,1,"Laugh, not take myself seriously","Rigoler, ne pas me prendre au sérieux","Reír, no tomarme en serio","Ridere, non prendermi sul serio","😵‍💫",4,2,"Me défouler un peu","Me défouler un peu","Desahogarme un poco","Sfamarmi un po'","😅",6,3,"Passer un bon moment entre potes","Passer un bon moment entre potes","Pasar un buen rato entre amigos","Passare un buon momento tra amici","💪",8,4,"Être utile à l’équipe","Être utile à l’équipe","Ser útil para el equipo","Essere utile alla squadra","🦾",10,5,"Gagner si possible","Gagner si possible","Ganar si es posible","Vincere se possibile","😎",12,6,"Gagner, peu importe comment","Gagner, peu importe comment","Ganar, sin importar cómo","Vincere, a qualunque costo"
"CH9twsfxj6h65U5PKn7r","goalkeeper","soccer","published","communication",1,"An opposing player is lurking alone behind your defender...","Un joueur adverse rôde seul dans le dos de ton défenseur…","Un jugador contrario está merodeando solo detrás de tu defensor...","Un giocatore avversario si aggira da solo dietro il tuo difensore...","😩",2,1,"I say nothing, I watch","Je dis rien, je regarde","No digo nada, solo miro","Non dico niente, guardo","😵‍💫",4,2,"I warn too late","Je préviens trop tard","Aviso demasiado tarde","Avverto troppo tardi","😅",6,3,"The defender doesn't listen to me","Le défenseur ne m’écoute pas","El defensor no me escucha","Il difensore non mi ascolta","💪",8,4,"The defender hears me but doesn't react","Le défenseur m’entend mais ne réagit pas","El defensor me oye pero no reacciona","Il difensore mi sente ma non reagisce","🦾",10,5,"My defender understands but takes time to adapt","Mon défenseur comprend et met du temps à s’adapter","Mi defensor entiende y tarda en adaptarse","Il mio difensore capisce e ci mette tempo ad adattarsi","😎",12,6,"I signal it loud and clear, he takes charge","Je le signale fort et clair, il le prend en charge","Lo señalo fuerte y claro, él se encarga","Lo segnalo forte e chiaro, lui se ne occupa"
"D6yx7GN6K0HcxU5Z4q2U","forward","soccer","published","defence",1,"You're defending against an opponent setting up from deep...","Tu défends sur un relanceur adverse en position basse…","Estás defendiendo a un rival que se está armando desde el fondo...","Stai difendendo contro un avversario che imposta il gioco dal basso...","😩",2,1,"I don't defend","Je ne défends pas","No defiendo","Non difendo","😵‍💫",4,2,"I'm too far to intervene","Je suis trop loin pour intervenir","Estoy demasiado lejos para intervenir","Sono troppo lontano per intervenire","😅",6,3,"I approach but too late","Je m’approche mais trop tard","Me acerco pero demasiado tarde","Mi avvicino ma troppo tardi","💪",8,4,"I force a pass backward","Je force une passe vers l’arrière","Fuerzo un pase hacia atrás","Forzo un passaggio all'indietro","🦾",10,5,"I block his passing option","Je coupe sa solution de passe","Corto su opción de pase","Taglio la sua opzione di passaggio","😎",12,6,"I completely prevent him from counterattacking","Je l’empêche totalement de relancer","Le impido totalmente relanzar","Gli impedisco totalmente di rilanciare"
"DDjU4K08TN0m0vRtuZuj","forward","soccer","published","dribbling",1,"You're facing a defender 1v1 in the last 10 yards...","Tu es face à un défenseur en 1v1 dans les 10 derniers mètres…","Te enfrentas a un defensor 1 a 1 en los últimos 10 metros...","Sei di fronte a un difensore in un 1 contro 1 negli ultimi 10 metri...","😩",2,1,"I get caught without dribbling","Je me fais prendre sans dribbler","Me atrapan sin driblar","Mi faccio prendere senza dribblare","😵‍💫",4,2,"I attempt a slow feint","Je tente un crochet lent","Intento un regate lento","Provo un dribbling lento","😅",6,3,"I get past him but lose the ball afterward","Je le passe mais je perds la balle après","Lo paso pero pierdo el balón después","Lo supero ma perdo la palla dopo","💪",8,4,"I overpower him","Je l’élimine en force","Lo elimino con fuerza","Lo elimino con forza","🦾",10,5,"I dribble and shoot immediately","Je dribble et je frappe dans la foulée","Driblo y disparo de inmediato","Dribblo e tiro subito dopo","😎",12,6,"I get past him cleanly and score","Je le passe proprement et je marque","Lo paso limpiamente y marco","Lo supero pulito e segno"
"DMM9GudUQshuunqhsNpO","midfielder","soccer","published","pace",1,"The opponent's counter-attacking, you need to get back on defense...","L’adversaire contre-attaque, tu dois revenir défendre…","El rival está contraatacando, ¡necesitas volver a defender!","L'avversario sta contrattaccando, devi tornare in difesa!","😩",2,1,"I just walk back","Je reste en marchant","Me quedo caminando","Resto camminando","😵‍💫",4,2,"I jog back slowly","Je reviens au petit trot","Regreso al trote","Torno al piccolo trotto","😅",6,3,"I follow the play from a distance","Je suis l’action de loin","Sigo la acción de lejos","Seguo l'azione da lontano","💪",8,4,"I get back late but disrupt the play","Je reviens tard mais je gêne","Regreso tarde pero molesto","Torno tardi ma disturbo","🦾",10,5,"I'm in the box","Je suis présent dans la surface","Estoy presente en el área","Sono presente nell'area","😎",12,6,"I sprint back and stop the play","Je reviens à fond et je coupe l’action","Regreso a fondo y corto la acción","Torno a tutta e interrompo l'azione"
"DPTYRVoalvMivngd4Mrp","defender","soccer","published","dribbling",1,"You take the ball upfield, an opponent's in your face...","Tu montes avec le ballon, un adversaire te fait face…","Llevas el balón al campo rival, un oponente te enfrenta...","Porti il pallone in avanti, un avversario ti si para davanti...","😩",2,1,"I slow down, I don't know what to do","Je ralentis, je sais pas quoi faire","Me detengo, no sé qué hacer","Rallento, non so cosa fare","😵‍💫",4,2,"I try a dribble and get caught","Je tente un dribble et je me fais prendre","Intento un regate y me quitan el balón","Provo un dribbling e vengo preso","😅",6,3,"I stop and lose the ball","Je m’arrête et je perds le ballon","Me detengo y pierdo el balón","Mi fermo e perdo la palla","💪",8,4,"I barely get past him","Je l’élimine de justesse","Lo elimino por poco","Lo elimino per un pelo","🦾",10,5,"I dribble past him then pass","Je le dribble puis je passe","Lo regateo y luego paso","Lo dribblo e poi passo","😎",12,6,"I take him on and follow through perfectly","Je le fixe et j’enchaîne parfaitement","Lo fijo y encadeno perfectamente","Lo fisso e concateno perfettamente"
"ECDl3pGJbnaHpSSoNakA","defender","soccer","published","meta",1,"Regarding concentration, on the field, you're...","Niveau concentration, sur le terrain, tu es…","En cuanto a concentración, en el campo, eres...","Livello di concentrazione, in campo, sei...","😩",2,1,"Always elsewhere","Toujours ailleurs","Siempre en otro lado","Sempre altrove","😵‍💫",4,2,"I often drift off","Je décroche souvent","Me desconcentro a menudo","Mi distraggo spesso","😅",6,3,"It depends on the moments","Ça dépend des moments","Depende del momento","Dipende dai momenti","💪",8,4,"Rather focused","Plutôt concentré","Más bien concentrado","Piuttosto concentrato","🦾",10,5,"Focused almost the whole game","Focus quasi tout le match","Casi todo el partido enfocado","Quasi tutto il match concentrato","😎",12,6,"Nothing distracts me","Rien ne me déconcentre","Nada me desconcentra","Niente mi distrae"
"EV1tbCpTsx3AYtizcXL1","goalkeeper","soccer","published","meta",1,"Regarding concentration, on the field, you're...","Niveau concentration, sur le terrain, tu es…","En cuanto a concentración, en el campo, eres...","Livello di concentrazione, in campo, sei...","😩",2,1,"Always elsewhere","Toujours ailleurs","Siempre en otro lado","Sempre altrove","😵‍💫",4,2,"I often drift off","Je décroche souvent","Me desconcentro a menudo","Mi distraggo spesso","😅",6,3,"It depends on the moments","Ça dépend des moments","Depende del momento","Dipende dai momenti","💪",8,4,"Rather focused","Plutôt concentré","Más bien concentrado","Piuttosto concentrato","🦾",10,5,"Focused almost the whole game","Focus quasi tout le match","Casi todo el partido enfocado","Quasi tutto il match concentrato","😎",12,6,"Nothing distracts me","Rien ne me déconcentre","Nada me desconcentra","Niente mi distrae"
"FVaS9ZVrI9c1CViEh7dk","forward","soccer","published","meta",1,"Do you play soccer often?","Tu joues souvent au foot ?","¿Juegas seguido al fútbol?","Giochi spesso a calcio?","😩",2,1,"Very rarely, almost never","Très rarement, presque jamais","Muy raramente, casi nunca","Molto raramente, quasi mai","😵‍💫",4,2,"Once every 2-3 months","Une fois tous les 2-3 mois","Una vez cada 2-3 meses","Una volta ogni 2-3 mesi","😅",6,3,"About once a month","Environ une fois par mois","Aproximadamente una vez al mes","Circa una volta al mese","💪",8,4,"About twice a month","Environ 2 fois par mois","Aproximadamente 2 veces al mes","Circa 2 volte al mese","🦾",10,5,"Almost every week","Presque toutes les semaines","Casi todas las semanas","Quasi tutte le settimane","😎",12,6,"Every week, or more","Toutes les semaines, voire plus","Todas las semanas, incluso más","Tutte le settimane, se non di più"
"Id32dRI5fn9daUPP9Agc","forward","soccer","published","meta",1,"What kind of games do you usually play in?","Tu joues le plus souvent dans quel genre de matchs ?","¿En qué tipo de partidas juegas más seguido?","In che tipo di partite giochi più spesso?","😩",2,1,"Scrappy games","Des matchs à l’arrache","Partidas improvisadas","Partite improvvisate","😵‍💫",4,2,"Chill games","Des matchs tranquilles","Partidas tranquilas","Partite tranquille","😅",6,3,"Five-a-side with friends","Du five entre potes","Un five entre amigos","Partite tra amici","💪",8,4,"Well-organized games","Des bons matchs organisés","Buenas partidas organizadas","Buone partite organizzate","🦾",10,5,"In tournaments or leagues","En tournoi ou ligue","En torneo o liga","In torneo o lega","😎",12,6,"Very serious games","Des matchs très sérieux","Partidas muy serias","Partite molto serie"
"KnJGSFgleLh2HEcbaMyK","goalkeeper","soccer","published","1-on-1",1,"In your box, a ground duel...","Dans ta surface, duel au sol…","En tu área, un duelo en el suelo...","Nella tua area, un duello a terra...","😩",2,1,"I get beaten straight away","Je me fais éliminer direct","Me eliminan directo","Vengo eliminato subito","😵‍💫",4,2,"I dive too late","Je plonge trop tard","Me lanzo demasiado tarde","Mi tuffo troppo tardi","😅",6,3,"I lunge but miss everything","Je me jette mais je touche rien","Me tiro pero no toco nada","Mi lancio ma non tocco nulla","💪",8,4,"I just do enough to slow him down","Je gêne juste assez pour ralentir","Molesto lo suficiente para ralentizar","Disturbo abbastanza da rallentare","🦾",10,5,"I win the ball with a slide","Je récupère le ballon en glissant","Recupero el balón deslizándome","Recupero la palla scivolando","😎",12,6,"I take the ball cleanly","Je prends le ballon proprement","Tomo el balón limpiamente","Prendo la palla pulita"
"Lm2ovLRcXCSUwXe6TSBC","forward","soccer","published","physicality",1,"You need to battle with a defender for a long ball...","Tu dois te battre avec un défenseur pour un ballon long…","Necesitas luchar con un defensor por un balón largo…","Devi lottare con un difensore per un pallone lungo...","😩",2,1,"I lose the duel on impact","Je perds le duel à l’impact","Pierdo el duelo en el impacto","Perdo il duello all'impatto","😵‍💫",4,2,"I jump too early or not at all","Je saute trop tôt ou pas du tout","Salto demasiado pronto o no salto","Salto troppo presto o per niente","😅",6,3,"I hinder but lose the ball","Je le gêne mais je perds la balle","Lo incomodo pero pierdo el balón","Lo ostacolo ma perdo la palla","💪",8,4,"I gain position without the ball","Je gagne la position sans la balle","Gano la posición sin el balón","Guadagno la posizione senza la palla","🦾",10,5,"I control despite the contact","Je contrôle malgré le contact","Controlo a pesar del contacto","Controllo nonostante il contatto","😎",12,6,"I win the duel and keep possession","Je gagne le duel et je conserve","Gano el duelo y conservo","Vinco il duello e conservo"
"MVoXiQAdbSqkyAmkfEib","forward","soccer","published","meta",1,"In your team, you're more like...","Dans ton équipe, tu es plutôt…","En tu equipo, eres más bien...","Nella tua squadra, sei piuttosto...","😩",2,1,"The one picked last","Celui qu’on prend en dernier","El que eligen de último","Quello che si sceglie per ultimo","😵‍💫",4,2,"Often struggling","Souvent en galère","A menudo en apuros","Spesso in difficoltà","😅",6,3,"Decent, nothing more","Correct sans plus","Correcto sin más","Corretto senza più","💪",8,4,"Pretty reliable","Plutôt fiable","Bastante confiable","Piuttosto affidabile","🦾",10,5,"One of the good ones","L’un des bons","Uno de los buenos","Uno dei buoni","😎",12,6,"One of the best","L’un des meilleurs","Uno de los mejores","Uno dei migliori"
"NF5IjDHYreHyPrqQ1BCI","midfielder","soccer","published","meta",1,"Among your friends who also play, what level are you at?","Parmi tes potes qui jouent aussi, tu es à quel niveau ?","Entre tus amigos que también juegan, ¿en qué nivel estás?","Tra i tuoi amici che giocano anche, a che livello sei?","😩",2,1,"I'm at the bottom of the pack","Je suis en bas du panier","Estoy en el fondo del barril","Sono in fondo al gruppo","😵‍💫",4,2,"I'm not very good","Je suis pas très bon","No soy muy bueno","Non sono molto bravo","😅",6,3,"I manage","Je me débrouille","Me las arreglo","Me la cavo","💪",8,4,"I'm in the higher average","Je suis dans la moyenne haute","Estoy en la media alta","Sono nella media alta","🦾",10,5,"I'm often among the best","Je suis souvent parmi les meilleurs","A menudo estoy entre los mejores","Sono spesso tra i migliori","😎",12,6,"I'm above the rest","Je suis au-dessus du lot","Estoy por encima del promedio","Sono al di sopra della media"
"Nog00WwIvPN83a28hcCw","forward","soccer","published","meta",1,"When you play, your team usually...","Quand tu joues, ton équipe a l’habitude de…","Cuando juegas, tu equipo suele...","Quando giochi, la tua squadra è solita...","😩",2,1,"Getting thrashed every time","Se faire éclater à chaque fois","Ser aplastado cada vez","Essere sconfitti ogni volta","😵‍💫",4,2,"Lose often","Perdre souvent","Perder a menudo","Perdere spesso","😅",6,3,"Win/lose, it depends","Perdre/gagner, ça dépend","Perder/ganar, depende","Perdere/vincere, dipende","💪",8,4,"Win a bit more than they lose","Gagner un peu plus qu’elle perd","Ganar un poco más de lo que pierde","Vincere un po' più di quanto perde","🦾",10,5,"Win often","Gagner souvent","Ganar a menudo","Vincere spesso","😎",12,6,"Win almost all the time","Gagner presque tout le temps","Ganar casi todo el tiempo","Vincere quasi sempre"
"O0E3NUIUjW5aoqYNaLgl","midfielder","soccer","published","defence",1,"You lose the ball and need to get it back quickly…","Tu perds la balle et dois vite la récupérer…","Pierdes el balón y tienes que recuperarlo rápido…","Perdi la palla e devi recuperarla in fretta...","😩",2,1,"I let the play go","Je laisse filer l’action","Dejo que la jugada siga","Lascio scorrere l'azione","😵‍💫",4,2,"I run but can't catch up","Je cours sans réussir à revenir","Corro sin lograr alcanzarlo","Corro senza riuscire a tornare","😅",6,3,"I come back too late","Je reviens trop tard","Llego tarde","Torno troppo tardi","💪",8,4,"I catch up to him and slow him down","Je le rattrape et je le ralentis","Lo alcanzo y lo ralentizo","Lo raggiungo e lo rallento","🦾",10,5,"I recover with a last-ditch tackle","Je récupère en taclant de justesse","Recupero con una barrida justo a tiempo","Recupero con un tackle all'ultimo momento","😎",12,6,"I recover the ball immediately","Je récupère le ballon immédiatement","Recupero el balón inmediatamente","Recupero subito il pallone"
"O6GjXLWhpBJRkoyMEtwQ","midfielder","soccer","published","meta",1,"What kind of games do you usually play in?","Tu joues le plus souvent dans quel genre de matchs ?","¿En qué tipo de partidas juegas más seguido?","In che tipo di partite giochi più spesso?","😩",2,1,"Scrappy games","Des matchs à l’arrache","Partidas improvisadas","Partite improvvisate","😵‍💫",4,2,"Chill games","Des matchs tranquilles","Partidas tranquilas","Partite tranquille","😅",6,3,"Five-a-side with friends","Du five entre potes","Un five entre amigos","Partite tra amici","💪",8,4,"Well-organized games","Des bons matchs organisés","Buenas partidas organizadas","Buone partite organizzate","🦾",10,5,"In tournaments or leagues","En tournoi ou ligue","En torneo o liga","In torneo o lega","😎",12,6,"Very serious games","Des matchs très sérieux","Partidas muy serias","Partite molto serie"
"OKqVxb8IA5Xrzng7UW0F","forward","soccer","published","meta",1,"In your team, you're more like...","Dans ton équipe, tu es plutôt…","En tu equipo, eres más bien...","Nella tua squadra, sei piuttosto...","😩",2,1,"The one picked last","Celui qu’on prend en dernier","El que eligen de último","Quello che si sceglie per ultimo","😵‍💫",4,2,"Often struggling","Souvent en galère","A menudo en apuros","Spesso in difficoltà","😅",6,3,"Decent, nothing more","Correct sans plus","Correcto sin más","Corretto senza più","💪",8,4,"Pretty reliable","Plutôt fiable","Bastante confiable","Piuttosto affidabile","🦾",10,5,"One of the good ones","L’un des bons","Uno de los buenos","Uno dei buoni","😎",12,6,"One of the best","L’un des meilleurs","Uno de los mejores","Uno dei migliori"
"OQe0XvMUSKBsMVfIMzhx","midfielder","soccer","published","dribbling",1,"In the midfield, you're under pressure, you gotta get out of it...","Au milieu, tu es sous pression, il faut t’en sortir…","En el medio, estás bajo presión, hay que salir de ahí...","Centrocampo, sei sotto pressione, devi uscirne...","😩",2,1,"I get caught immediately","Je me fais prendre direct","Me atrapan de inmediato","Mi faccio prendere subito","😵‍💫",4,2,"I lose the ball trying too much","Je perds le ballon en tentant trop","Pierdo el balón intentando demasiado","Perdo il pallone tentando troppo","😅",6,3,"I keep the ball without advancing","Je garde la balle sans avancer","Mantengo la pelota sin avanzar","Tengo la palla senza avanzare","💪",8,4,"I shield well and play it simple","Je protège bien et rejoue simple","Protejo bien y juego simple","Proteggo bene e gioco semplice","🦾",10,5,"I get out of it with a quick dribble","Je m’en sors avec un petit dribble","Me las arreglo con un pequeño regate","Me la cavo con un piccolo dribbling","😎",12,6,"I turn around and restart cleanly","Je me retourne et relance proprement","Me doy la vuelta y relanzo limpiamente","Mi giro e rilancio pulito"
"PeDX2La2U6p9vJOefEZ5","goalkeeper","soccer","published","reflexes",1,"A shot gets deflected right in front of you...","Une frappe est déviée juste devant toi…","Un disparo se desvía justo frente a ti...","Un tiro viene deviato proprio davanti a te...","😩",2,1,"I don't move","Je bouge pas","No me muevo","Non mi muovo","😵‍💫",4,2,"I go the wrong way","Je pars du mauvais côté","Me voy para el lado equivocado","Parto dal lato sbagliato","😅",6,3,"I react but too late","Je réagis mais trop tard","Reacciono pero demasiado tarde","Reagisco ma troppo tardi","💪",8,4,"I dive late but touch it","Je me jette en retard mais je la touche","Me lanzo tarde pero la toco","Mi lancio in ritardo ma la tocco","🦾",10,5,"I deflect it with a late reflex","Je la dévie avec un réflexe tardif","La desvío con un reflejo tardío","La devio con un riflesso tardivo","😎",12,6,"I stop it cleanly","Je la stoppe proprement","La detengo limpiamente","La fermo pulitamente"
"QWwNCKKNetaUovx8CrvD","defender","soccer","published","passing",1,"You make a clean exit with the ball, a player gets open…","Tu sors proprement avec le ballon, un joueur se démarque…","Sales limpio con el balón, un jugador se desmarca…","Esci pulito col pallone, un giocatore si smarca…","😩",2,1,"I hesitate and lose the ball","Je tarde et je perds la balle","Tardo y pierdo la pelota","Ritardo e perdo la palla","😵‍💫",4,2,"I make a short pass, the opponent intercepts","Je passe court, l’adversaire intercepte","Paso corto, el adversario intercepta","Passo corto, l'avversario intercetta","😅",6,3,"I play to feet under pressure","Je joue dans les pieds sous pression","Juego al pie bajo presión","Gioco nei piedi sotto pressione","💪",8,4,"I find a teammate for support","Je trouve un partenaire en appui","Encuentro un compañero de apoyo","Trovo un compagno di appoggio","🦾",10,5,"I break a line with the pass","Je casse une ligne par la passe","Rompo una línea con el pase","Riesco a superare una linea col passaggio","😎",12,6,"I send a teammate into space","Je lance un coéquipier dans l’espace","Lanzo a un compañero al espacio","Lancio un compagno nello spazio"
"REccVJWjud5CPoshTjRY","midfielder","soccer","published","meta",1,"Do you play soccer often?","Tu joues souvent au foot ?","¿Juegas seguido al fútbol?","Giochi spesso a calcio?","😩",2,1,"Very rarely, almost never","Très rarement, presque jamais","Muy raramente, casi nunca","Molto raramente, quasi mai","😵‍💫",4,2,"Once every 2-3 months","Une fois tous les 2-3 mois","Una vez cada 2-3 meses","Una volta ogni 2-3 mesi","😅",6,3,"About once a month","Environ une fois par mois","Aproximadamente una vez al mes","Circa una volta al mese","💪",8,4,"About twice a month","Environ 2 fois par mois","Aproximadamente 2 veces al mes","Circa 2 volte al mese","🦾",10,5,"Almost every week","Presque toutes les semaines","Casi todas las semanas","Quasi tutte le settimane","😎",12,6,"Every week, or more","Toutes les semaines, voire plus","Todas las semanas, incluso más","Tutte le settimane, se non di più"
"RTnhc2ULYV6G9c168k3i","goalkeeper","soccer","published","positioning",1,"After a quick one-two in front of the goal, the striker shoots…","Après une combinaison rapide devant le but, l’attaquant tire…","Después de una pared rápida frente al arco, el delantero dispara…","Dopo un veloce uno-due davanti alla porta, l'attaccante tira…","😩",2,1,"I freeze, it's a goal","Je reste figé, c’est but","Me quedo inmóvil, es gol","Rimango fermo, è gol","😵‍💫",4,2,"I dive late","Je plonge en retard","Me lanzo tarde","Mi tuffo in ritardo","😅",6,3,"I try to follow the ball during the combination","J’essaie de suivre le ballon pendant la combinaison","Intento seguir el balón durante la combinación","Cerco di seguire la palla durante la combinazione","💪",8,4,"I touch it but don't clear it","Je touche sans la sortir","La toco sin sacarla","La tocco senza mandarla fuori","🦾",10,5,"I reflexively parry","Je repousse en réflexe","Rechazo por reflejo","Respingo d'istinto","😎",12,6,"I stop it cleanly","Je l’arrête proprement","La detengo limpiamente","La fermo pulito"
"SJ3cYbL9RvgAjeKKlAwi","forward","soccer","published","passing",1,"A teammate is open to your left during a heated play...","Un coéquipier est seul à ta gauche pendant une action chaude…","Un compañero está libre a tu izquierda durante una jugada intensa...","Un compagno è libero alla tua sinistra durante un'azione intensa...","😩",2,1,"I don't even see him","Je ne le vois même pas","Ni siquiera lo veo","Non lo vedo nemmeno","😵‍💫",4,2,"I see him but keep the ball","Je le vois mais je garde la balle","Lo veo pero mantengo el balón","Lo vedo ma tengo la palla","😅",6,3,"I attempt the pass too late","Je tente la passe trop tard","Intento el pase demasiado tarde","Provo il passaggio troppo tardi","💪",8,4,"I pass it a bit behind him","Je la donne un peu derrière lui","Se la paso un poco detrás de él","La passo un po' dietro di lui","🦾",10,5,"I serve him well for a shot","Je le sers bien pour un tir","Lo asisto bien para un tiro","Lo servo bene per un tiro","😎",12,6,"I assist him perfectly at the right moment","Je l’assiste parfaitement au bon moment","Lo asisto perfectamente en el momento adecuado","Lo assisto perfettamente al momento giusto"
"SmNWSQHHfmZ6hXTam3OH","goalkeeper","soccer","published","shot-stopping",1,"When a powerful, low-driven shot is taken...","Quand une frappe puissante, à ras de terre, est tirée…","Cuando se lanza un tiro potente y rasante...","Quando viene tirato un tiro potente e rasoterra...","😩",2,1,"I'm on my heels, I don't move","Je suis sur les talons, je bouge pas","Estoy sobre los talones, no me muevo","Sono sui talloni, non mi muovo","😵‍💫",4,2,"I go down too slowly","Je me couche trop lentement","Me acuesto demasiado lento","Mi sdraio troppo lentamente","😅",6,3,"I stretch my foot but deflect it poorly","Je tends le pied mais je la dévie mal","Extiendo el pie pero la desvío mal","Tendo il piede ma la devio male","💪",8,4,"I slow it down without really stopping it","Je la freine sans vraiment l’arrêter","La freno sin realmente detenerla","La freno senza davvero fermarla","🦾",10,5,"I go down well and push it away","Je me couche bien et je la repousse","Me acuesto bien y la rechazo","Mi sdraio bene e la respingo","😎",12,6,"I block the shot on the ground without a bounce","Je bloque la frappe au sol sans rebond","Bloqueo el disparo al suelo sin rebote","Blocco il tiro a terra senza rimbalzo"
"TTevQpboWWSxiEhtfE9v","midfielder","soccer","published","dribbling",1,"An opponent's waiting for you in a 1v1 in midfield...","Un adversaire t’attend en 1v1 au milieu de terrain…","Un rival te espera en un 1v1 en el centro del campo...","Un avversario ti aspetta in un 1v1 a centrocampo...","😩",2,1,"I get passed easily","Je me fais passer facilement","Me pasan fácilmente","Mi faccio passare facilmente","😵‍💫",4,2,"I try a move and lose the ball","Je tente un geste et je perds le ballon","Intento un movimiento y pierdo el balón","Provo un gesto e perdo il pallone","😅",6,3,"I block the play without really advancing","Je bloque l’action sans vraiment avancer","Bloqueo la jugada sin realmente avanzar","Blocco l'azione senza davvero avanzare","💪",8,4,"I fixate him and narrowly eliminate him","Je le fixe et je l’élimine de justesse","Lo fijo y lo elimino por poco","Lo fisso e lo elimino per un pelo","🦾",10,5,"I take him on and move forward","Je l’élimine et je progresse","Lo elimino y progreso","Lo elimino e proseguo","😎",12,6,"I dribble past him and start a play","Je le dribble puis je lance une action","Lo driblo y luego lanzo una acción","Lo dribblo e poi avvio un'azione"
"ToKHx0dK92eS0pqhFbgS","defender","soccer","published","meta",1,"Do you play soccer often?","Tu joues souvent au foot ?","¿Juegas seguido al fútbol?","Giochi spesso a calcio?","😩",2,1,"Very rarely, almost never","Très rarement, presque jamais","Muy raramente, casi nunca","Molto raramente, quasi mai","😵‍💫",4,2,"Once every 2-3 months","Une fois tous les 2-3 mois","Una vez cada 2-3 meses","Una volta ogni 2-3 mesi","😅",6,3,"About once a month","Environ une fois par mois","Aproximadamente una vez al mes","Circa una volta al mese","💪",8,4,"About twice a month","Environ 2 fois par mois","Aproximadamente 2 veces al mes","Circa 2 volte al mese","🦾",10,5,"Almost every week","Presque toutes les semaines","Casi todas las semanas","Quasi tutte le settimane","😎",12,6,"Every week, or more","Toutes les semaines, voire plus","Todas las semanas, incluso más","Tutte le settimane, se non di più"
"VH6cL8A7v8msEpefF4sF","forward","soccer","published","shooting",1,"You're back to goal, you turn to shoot...","Tu es dos au but, tu te retournes pour frapper…","Estás de espaldas al arco, te das la vuelta para disparar...","Sei con le spalle alla porta, ti giri per tirare...","😩",2,1,"I miss my control","Je rate mon contrôle","Fallo mi control","Sbaglio il controllo","😵‍💫",4,2,"I turn too slowly","Je me retourne trop lentement","Me doy la vuelta demasiado lento","Mi giro troppo lentamente","😅",6,3,"I shoot off balance","Je frappe sans équilibre","Disparo sin equilibrio","Tiro senza equilibrio","💪",8,4,"I turn and shoot on target","Je me retourne et je tire cadré","Me doy la vuelta y tiro al arco","Mi giro e tiro in porta","🦾",10,5,"I turn quickly and shoot well","Je me retourne vite et frappe bien","Me doy la vuelta rápido y golpeo bien","Mi giro veloce e colpisco bene","😎",12,6,"I turn smoothly and score","Je me retourne fluide et je marque","Me doy la vuelta fluido y marco","Mi giro fluido e segno"
"VWUjcbqYan9FYM7KoE5G","forward","soccer","published","meta",1,"When you play, your team usually...","Quand tu joues, ton équipe a l’habitude de…","Cuando juegas, tu equipo suele...","Quando giochi, la tua squadra è solita...","😩",2,1,"Getting thrashed every time","Se faire éclater à chaque fois","Ser aplastado cada vez","Essere sconfitti ogni volta","😵‍💫",4,2,"Lose often","Perdre souvent","Perder a menudo","Perdere spesso","😅",6,3,"Win/lose, it depends","Perdre/gagner, ça dépend","Perder/ganar, depende","Perdere/vincere, dipende","💪",8,4,"Win a bit more than they lose","Gagner un peu plus qu’elle perd","Ganar un poco más de lo que pierde","Vincere un po' più di quanto perde","🦾",10,5,"Win often","Gagner souvent","Ganar a menudo","Vincere spesso","😎",12,6,"Win almost all the time","Gagner presque tout le temps","Ganar casi todo el tiempo","Vincere quasi sempre"
"YFmuCyCSsAbHdsiHpFk4","goalkeeper","soccer","published","meta",1,"Among your friends who also play, what level are you at?","Parmi tes potes qui jouent aussi, tu es à quel niveau ?","Entre tus amigos que también juegan, ¿en qué nivel estás?","Tra i tuoi amici che giocano anche, a che livello sei?","😩",2,1,"I'm at the bottom of the pack","Je suis en bas du panier","Estoy en el fondo del barril","Sono in fondo al gruppo","😵‍💫",4,2,"I'm not very good","Je suis pas très bon","No soy muy bueno","Non sono molto bravo","😅",6,3,"I manage","Je me débrouille","Me las arreglo","Me la cavo","💪",8,4,"I'm in the higher average","Je suis dans la moyenne haute","Estoy en la media alta","Sono nella media alta","🦾",10,5,"I'm often among the best","Je suis souvent parmi les meilleurs","A menudo estoy entre los mejores","Sono spesso tra i migliori","😎",12,6,"I'm above the rest","Je suis au-dessus du lot","Estoy por encima del promedio","Sono al di sopra della media"
"YWoJ2ALB3pZwlQgbDc4A","defender","soccer","published","meta",1,"When you play, your team usually...","Quand tu joues, ton équipe a l’habitude de…","Cuando juegas, tu equipo suele...","Quando giochi, la tua squadra è solita...","😩",2,1,"Getting thrashed every time","Se faire éclater à chaque fois","Ser aplastado cada vez","Essere sconfitti ogni volta","😵‍💫",4,2,"Lose often","Perdre souvent","Perder a menudo","Perdere spesso","😅",6,3,"Win/lose, it depends","Perdre/gagner, ça dépend","Perder/ganar, depende","Perdere/vincere, dipende","💪",8,4,"Win a bit more than they lose","Gagner un peu plus qu’elle perd","Ganar un poco más de lo que pierde","Vincere un po' più di quanto perde","🦾",10,5,"Win often","Gagner souvent","Ganar a menudo","Vincere spesso","😎",12,6,"Win almost all the time","Gagner presque tout le temps","Ganar casi todo el tiempo","Vincere quasi sempre"
"YxL3hdOz0j1GnggCWhHs","midfielder","soccer","published","meta",1,"When you talk about your level, you're more like...","Quand tu parles de ton niveau, tu plutôt…","Cuando hablas de tu nivel, eres más bien...","Quando parli del tuo livello, sei piuttosto...","😩",2,1,"I clearly overestimate myself","Je me surestime clairement","Claramente me sobrevaloro","Mi sopravvaluto chiaramente","😵‍💫",4,2,"I brag a little","Je me vante un peu","Presumo un poco","Mi vanto un po'","😅",6,3,"I often see the bright side","Je vois souvent le bon côté","Veo a menudo el lado bueno","Vedo spesso il lato positivo","💪",8,4,"I try to be honest","J’essaie d’être honnête","Intento ser honesto","Cerco di essere onesto","🦾",10,5,"I'm quite objective","Je suis plutôt objectif","Soy bastante objetivo","Sono piuttosto obiettivo","😎",12,6,"I'm super clear-headed (even about my flaws)","Je suis super lucide (même sur mes défauts)","Soy súper lúcido (incluso sobre mis defectos)","Sono super lucido (anche sui miei difetti)"
"Z4xpJyzN3W7qkSwwOeNT","goalkeeper","soccer","published","footwork",1,"After a play, the opposing defenders pushed up. You restart...","Après une action, les défenseurs adverses sont montés. Tu relances…","Después de una jugada, los defensores rivales subieron. Tú reinicias...","Dopo un'azione, i difensori avversari sono saliti. Tu riparti...","😩",2,1,"Directly to an opponent's feet","Direct dans les pieds d’un adversaire","Directo a los pies de un rival","Diretto nei piedi di un avversario","😵‍💫",4,2,"Too slowly, they have time to come back","Trop lentement, ils ont le temps de revenir","Demasiado lento, tienen tiempo de volver","Troppo lentamente, hanno il tempo di tornare","😅",6,3,"In the air, but it's imprecise","En hauteur, mais c’est imprécis","En alto, pero es impreciso","In alto, ma è impreciso","💪",8,4,"Long, towards a teammate in a duel","Long, vers un partenaire en duel","Largo, hacia un compañero en duelo","Lungo, verso un compagno in duello","🦾",10,5,"On the ground into open space","À ras de terre dans l’espace libre","A ras de suelo en el espacio libre","Rasoterra nello spazio libero","😎",12,6,"Quick and accurate, into a teammate's run","Vite et juste, dans la course d’un coéquipier","Rápido y preciso, en la carrera de un compañero","Veloce e preciso, nella corsa di un compagno"
"a7XS6G5ZDQcoG1LxehFv","forward","soccer","published","shooting",1,"You get a pass down the middle, one-on-one with the goalkeeper...","Tu reçois une passe dans l’axe, seul face au gardien…","Recibes un pase por el centro, cara a cara con el portero...","Ricevi un passaggio centrale, uno contro uno col portiere...","😩",2,1,"I panic and shoot wide","Je panique et je tire à côté","Entro en pánico y tiro afuera","Mi faccio prendere dal panico e tiro fuori","😵‍💫",4,2,"I shoot straight at the goalkeeper","Je tire direct sur le gardien","Tiro directo al portero","Tiro dritto sul portiere","😅",6,3,"I strike too softly","Je frappe trop doucement","Disparo demasiado suave","Tiro troppo piano","💪",8,4,"I aim on target but don't deceive him","Je cadre sans le tromper","Apunto sin engañarlo","Inquadro senza ingannarlo","🦾",10,5,"I take a good shot, the goalkeeper is beaten","Je fais un bon tir, le gardien est battu","Hago un buen tiro, el portero está vencido","Faccio un buon tiro, il portiere è battuto","😎",12,6,"I score calmly","Je marque sereinement","Marco con tranquilidad","Segno con calma"
"ctn0bbS0BbY2HzinNbGW","defender","soccer","published","passing",1,"Under pressure, you gotta find a quick solution…","Sous pression, tu dois trouver une solution rapide…","Bajo presión, tienes que encontrar una solución rápida…","Sotto pressione, devi trovare una soluzione rapida…","😩",2,1,"I panic and give the ball away","Je panique et je rends la balle","Entro en pánico y pierdo la pelota","Mi agito e perdo la palla","😵‍💫",4,2,"I kick it without aiming","Je balance sans viser","Lanzo sin apuntar","La butto via senza mirare","😅",6,3,"I hold onto the ball without options","Je garde le ballon sans solution","Mantengo el balón sin solución","Tengo il pallone senza soluzione","💪",8,4,"I manage with a sideways pass","Je m’en sors avec une passe latérale","Me las arreglo con un pase lateral","Me la cavo con un passaggio laterale","🦾",10,5,"I turn around and find a good option","Je me retourne et trouve une bonne option","Me doy la vuelta y encuentro una buena opción","Mi giro e trovo una buona opzione","😎",12,6,"I keep my cool and restart cleanly","Je garde mon sang-froid et relance propre","Mantengo la calma y relanzo limpio","Mantengo la calma e rilancio pulito"
"dNtUFHIbkiTkUEdPSB9s","goalkeeper","soccer","published","1-on-1",1,"A forward is coming at you...","Un attaquant se lance face à toi…","Un delantero viene hacia ti...","Un attaccante si sta dirigendo verso di te...","😩",2,1,"I stay on my line and take the hit","Je reste sur ma ligne et je subis","Me quedo en mi línea y lo sufro","Rimango sulla mia linea e subisco","😵‍💫",4,2,"I hesitate to come out","J’hésite à sortir","Dudo en salir","Esito a uscire","😅",6,3,"I cover the angle poorly","Je couvre mal l’angle","Cubro mal el ángulo","Copre male l'angolo","💪",8,4,"I force him to shoot quickly","Je le pousse à tirer vite","Lo empujo a tirar rápido","Lo spingo a tirare in fretta","🦾",10,5,"I get just enough of a touch to deflect it","Je la touche juste assez pour l’éviter","La toco lo justo para evitarlo","La tocco quel tanto che basta per evitarla","😎",12,6,"I win the duel without contact","Je gagne le duel sans contact","Gano el duelo sin contacto","Vinci il duello senza contatto"
"dWdJYG3Epmiqng9DqeW9","midfielder","soccer","published","physicality",1,"You gotta shield the ball with your back to goal under pressure...","Tu dois protéger le ballon dos au but sous pression…","Tienes que proteger el balón de espaldas al arco bajo presión...","Devi proteggere il pallone con la schiena verso la porta sotto pressione...","😩",2,1,"I get moved off the ball on contact","Je me fais bouger dès le contact","Me mueven al primer contacto","Vengo spostato al primo contatto","😵‍💫",4,2,"I lose my balance quickly","Je perds l’équilibre rapidement","Pierdo el equilibrio rápidamente","Perdo l'equilibrio rapidamente","😅",6,3,"I resist a bit then lose the ball","Je résiste un peu puis je perds la balle","Resisto un poco y luego pierdo el balón","Resisto un po' poi perdo la palla","💪",8,4,"I shield the ball for a few seconds","Je protège le ballon quelques secondes","Protejo el balón unos segundos","Proteggo la palla per qualche secondo","🦾",10,5,"I hold my ground despite the pressure","Je tiens bien malgré la pression","Mantengo bien a pesar de la presión","Tengo bene nonostante la pressione","😎",12,6,"I keep the ball with complete calm","Je garde la balle en toute sérénité","Mantengo la pelota con total serenidad","Mantengo la palla con serenità"
"dpd54gDdczmCx82WwGdo","goalkeeper","soccer","published","meta",1,"When you play, your team usually...","Quand tu joues, ton équipe a l’habitude de…","Cuando juegas, tu equipo suele...","Quando giochi, la tua squadra è solita...","😩",2,1,"Getting thrashed every time","Se faire éclater à chaque fois","Ser aplastado cada vez","Essere sconfitti ogni volta","😵‍💫",4,2,"Lose often","Perdre souvent","Perder a menudo","Perdere spesso","😅",6,3,"Win/lose, it depends","Perdre/gagner, ça dépend","Perder/ganar, depende","Perdere/vincere, dipende","💪",8,4,"Win a bit more than they lose","Gagner un peu plus qu’elle perd","Ganar un poco más de lo que pierde","Vincere un po' più di quanto perde","🦾",10,5,"Win often","Gagner souvent","Ganar a menudo","Vincere spesso","😎",12,6,"Win almost all the time","Gagner presque tout le temps","Ganar casi todo el tiempo","Vincere quasi sempre"
"ehuQW2eJBqSApwI32TxI","defender","soccer","published","meta",1,"Among your friends who also play, what level are you at?","Parmi tes potes qui jouent aussi, tu es à quel niveau ?","Entre tus amigos que también juegan, ¿en qué nivel estás?","Tra i tuoi amici che giocano anche, a che livello sei?","😩",2,1,"I'm at the bottom of the pack","Je suis en bas du panier","Estoy en el fondo del barril","Sono in fondo al gruppo","😵‍💫",4,2,"I'm not very good","Je suis pas très bon","No soy muy bueno","Non sono molto bravo","😅",6,3,"I manage","Je me débrouille","Me las arreglo","Me la cavo","💪",8,4,"I'm in the higher average","Je suis dans la moyenne haute","Estoy en la media alta","Sono nella media alta","🦾",10,5,"I'm often among the best","Je suis souvent parmi les meilleurs","A menudo estoy entre los mejores","Sono spesso tra i migliori","😎",12,6,"I'm above the rest","Je suis au-dessus du lot","Estoy por encima del promedio","Sono al di sopra della media"
"fGgSK0UHur5VtKkMVW6w","forward","soccer","published","pace",1,"You're making a deep run on a fast break...","Tu pars en profondeur sur un appel lancé…","Estás haciendo una carrera en profundidad en un contraataque rápido...","Stai partendo in profondità su un contropiede veloce...","😩",2,1,"I start too late","Je pars trop tard","Salgo tarde","Parto troppo tardi","😵‍💫",4,2,"I start but get caught","Je pars mais je me fais rattraper","Salgo pero me alcanzan","Parto ma vengo ripreso","😅",6,3,"I get ahead but receive a poor pass","Je prends de l’avance mais je suis mal servi","Tomo ventaja pero me pasan mal el balón","Prendo vantaggio ma sono servito male","💪",8,4,"I'm well set up but slow down","Je suis bien lancé mais je ralentis","Estoy bien lanzado pero disminuyo la velocidad","Sono ben lanciato ma rallento","🦾",10,5,"I take the space and get the ball","Je prends l’espace et je suis servi","Tomo el espacio y me pasan el balón","Prendo lo spazio e sono servito","😎",12,6,"I'm already ahead and head for the goal","Je suis déjà devant et je pars au but","Ya estoy adelante y me dirijo al gol","Sono già davanti e parto verso la porta"
"fZeQIGNfJ2cBYQOJ9gGf","midfielder","soccer","published","passing",1,"You're pressed back to the play, a solution appears...","Tu es pressé dos au jeu, une solution se présente…","Te presionan de espaldas al juego, aparece una solución...","Sei sotto pressione con le spalle al gioco, una soluzione si presenta...","😩",2,1,"I lose the ball without seeing the solution","Je perds la balle sans voir la solution","Pierdo la pelota sin ver la solución","Perdo la palla senza vedere la soluzione","😵‍💫",4,2,"I turn too slowly","Je me retourne trop lentement","Me doy la vuelta demasiado lento","Mi giro troppo lentamente","😅",6,3,"I panic and pass backwards","Je passe en panique en arrière","Paso en pánico hacia atrás","Passo nel panico all'indietro","💪",8,4,"I find a safe short pass","Je trouve une passe courte sécurisée","Encuentro un pase corto seguro","Trovo un passaggio corto sicuro","🦾",10,5,"I turn around and play it right","Je me retourne et joue juste","Me doy la vuelta y juego justo","Mi giro e gioco semplice","😎",12,6,"I keep my cool and play at the right tempo","Je garde mon calme et joue dans le bon tempo","Mantengo la calma y juego en el ritmo correcto","Mantengo la calma e gioco al giusto ritmo"
"gB71Y7wv4qStGSLrzgO0","goalkeeper","soccer","published","meta",1,"When you talk about your level, you're more like...","Quand tu parles de ton niveau, tu plutôt…","Cuando hablas de tu nivel, eres más bien...","Quando parli del tuo livello, sei piuttosto...","😩",2,1,"I clearly overestimate myself","Je me surestime clairement","Claramente me sobrevaloro","Mi sopravvaluto chiaramente","😵‍💫",4,2,"I brag a little","Je me vante un peu","Presumo un poco","Mi vanto un po'","😅",6,3,"I often see the bright side","Je vois souvent le bon côté","Veo a menudo el lado bueno","Vedo spesso il lato positivo","💪",8,4,"I try to be honest","J’essaie d’être honnête","Intento ser honesto","Cerco di essere onesto","🦾",10,5,"I'm quite objective","Je suis plutôt objectif","Soy bastante objetivo","Sono piuttosto obiettivo","😎",12,6,"I'm super clear-headed (even about my flaws)","Je suis super lucide (même sur mes défauts)","Soy súper lúcido (incluso sobre mis defectos)","Sono super lucido (anche sui miei difetti)"
"gWRZsbolTmdEgUP8w1QE","forward","soccer","published","physicality",1,"You're playing as a pivot with a defender on your back...","Tu joues en pivot avec un défenseur dans ton dos…","Estás jugando de pívot con un defensor detrás de ti...","Stai giocando come pivot con un difensore alle spalle...","😩",2,1,"I get pushed and fall","Je me fais bouger et je tombe","Me mueven y caigo","Mi faccio spostare e cado","😵‍💫",4,2,"I lose the ball while pivoting","Je perds le ballon en pivot","Pierdo el balón en el pivote","Perdo il pallone in sponda","😅",6,3,"I hold it a bit then lose it","Je garde un peu puis je le perds","Lo mantengo un poco y luego lo pierdo","Tengo un po' poi lo perdo","💪",8,4,"I hold with my back to the goal then pass it off","Je garde dos au but puis je décale","Mantengo de espaldas al arco y luego abro","Tengo spalle alla porta poi la sposto","🦾",10,5,"I turn and make a play","Je me retourne et je fais jouer","Me doy vuelta y hago jugar","Mi giro e faccio giocare","😎",12,6,"I hold perfectly and create a play","Je tiens parfaitement et je crée du jeu","Aguanto perfectamente y creo juego","Tengo perfettamente e creo gioco"
"gnebmc9asGpZJQnBUL1c","midfielder","soccer","published","physicality",1,"You need to keep up the effort during an intense phase...","Tu dois enchaîner les efforts dans une phase intense…","Necesitas mantener el esfuerzo durante una fase intensa...","Devi mantenere lo sforzo durante una fase intensa...","😩",2,1,"I walk, I'm done","Je marche, je suis cuit","Camino, estoy agotado","Cammino, sono cotto","😵‍💫",4,2,"I come back slowly","Je reviens lentement","Regreso lentamente","Rientro lentamente","😅",6,3,"I make the effort but I'm late","Je fais les efforts mais je suis en retard","Hago los esfuerzos pero llego tarde","Faccio gli sforzi ma sono in ritardo","💪",8,4,"I keep up the pace but I'm exhausted","Je tiens le rythme mais je suis à bout","Mantengo el ritmo pero estoy al límite","Tengo il ritmo ma sono allo stremo","🦾",10,5,"I stay clear-headed and defensive","Je reste lucide et défensif","Me mantengo lúcido y defensivo","Rimango lucido e difensivo","😎",12,6,"I keep up the action without dropping intensity","Je poursuis l’action sans baisser d’intensité","Sigo la acción sin bajar la intensidad","Proseguo l'azione senza calare d'intensità"
"h7wwuOpgq5XqryRWFr8S","defender","soccer","published","pace",1,"The opponent's counter-attacking, you gotta get back fast…","L’adversaire contre-attaque, tu dois revenir très vite…","El rival contraataca, tienes que regresar rápido…","L'avversario sta contrattaccando, devi tornare subito...","😩",2,1,"I hardly move","Je ne bouge presque pas","Casi no me muevo","Non mi muovo quasi","😵‍💫",4,2,"I take a few steps without conviction","Je fais quelques pas sans conviction","Doy unos pasos sin convicción","Faccio qualche passo senza convinzione","😅",6,3,"I get back but too late","Je reviens mais trop tard","Regreso pero demasiado tarde","Torno ma troppo tardi","💪",8,4,"I get back just in time to disrupt","Je reviens juste à temps pour gêner","Regreso justo a tiempo para molestar","Torno giusto in tempo per disturbare","🦾",10,5,"I'm present in the duel in the box","Je suis présent au duel dans la surface","Estoy presente en el duelo en el área","Sono presente nel duello in area","😎",12,6,"I got back before him and intercept","Je suis revenu avant lui et j’intercepte","Regresé antes que él e intercepto","Sono tornato prima di lui e intercetto"
"hOZb2YjbIEZM92OfIU83","forward","soccer","published","meta",1,"Among your friends who also play, what level are you at?","Parmi tes potes qui jouent aussi, tu es à quel niveau ?","Entre tus amigos que también juegan, ¿en qué nivel estás?","Tra i tuoi amici che giocano anche, a che livello sei?","😩",2,1,"I'm at the bottom of the pack","Je suis en bas du panier","Estoy en el fondo del barril","Sono in fondo al gruppo","😵‍💫",4,2,"I'm not very good","Je suis pas très bon","No soy muy bueno","Non sono molto bravo","😅",6,3,"I manage","Je me débrouille","Me las arreglo","Me la cavo","💪",8,4,"I'm in the higher average","Je suis dans la moyenne haute","Estoy en la media alta","Sono nella media alta","🦾",10,5,"I'm often among the best","Je suis souvent parmi les meilleurs","A menudo estoy entre los mejores","Sono spesso tra i migliori","😎",12,6,"I'm above the rest","Je suis au-dessus du lot","Estoy por encima del promedio","Sono al di sopra della media"
"hmWPwAO1wQMSQ144LDJ5","defender","soccer","published","shooting",1,"You win the ball high up with some space in front of you...","Tu récupères le ballon haut avec un peu d’espace devant toi…","Recuperas el balón arriba con algo de espacio delante de ti...","Hai recuperato il pallone in alto con un po' di spazio davanti a te...","😩",2,1,"I don't try anything","Je ne tente rien","No intento nada","Non provo nulla","😵‍💫",4,2,"I shoot without momentum, far from the goal","Je frappe sans élan, loin du but","Tiro sin impulso, lejos del arco","Tiro senza slancio, lontano dalla porta","😅",6,3,"I shoot too close to the goalkeeper","Je frappe trop sur le gardien","Tiro demasiado al portero","Tiro troppo sul portiere","💪",8,4,"I get off a decent shot","Je déclenche un tir correct","Disparo correcto","Faccio un tiro corretto","🦾",10,5,"I hit the target and the goalkeeper has to make a save","Je cadre et le gardien doit intervenir","Apunto y el portero tiene que intervenir","Tiro in porta e il portiere deve intervenire","😎",12,6,"I score with a clean strike","Je marque avec une frappe propre","Marco con un tiro limpio","Segno con un tiro pulito"
"jamGKq5w6PaIxXP6isFE","goalkeeper","soccer","published","communication",1,"Two defenders get in each other's way in the box...","Deux défenseurs se gênent dans la surface…","Dos defensores se estorban en el área...","Due difensori si intralciano in area...","😩",2,1,"I let it be","Je laisse faire","Dejo que pase","Lascio fare","😵‍💫",4,2,"I complain once it's too late","Je râle une fois que c’est trop tard","Me quejo cuando ya es tarde","Mi lamento quando è troppo tardi","😅",6,3,"I talk to no one","Je parle dans le vide","Hablo al aire","Parlo al vento","💪",8,4,"I warn them without much conviction","Je les avertis sans trop de conviction","Les advierto sin mucha convicción","Li avverto senza troppa convinzione","🦾",10,5,"I ask them to reposition","Je leur demande de se replacer","Les pido que se reubiquen","Chiedo loro di riposizionarsi","😎",12,6,"I reposition them and they react immediately","Je les replace et ils réagissent direct","Los reubico y reaccionan de inmediato","Li riposiziono e reagiscono subito"
"jhJjiUegJo3uldVRT5qn","forward","soccer","published","meta",1,"When you talk about your level, you're more like...","Quand tu parles de ton niveau, tu plutôt…","Cuando hablas de tu nivel, eres más bien...","Quando parli del tuo livello, sei piuttosto...","😩",2,1,"I clearly overestimate myself","Je me surestime clairement","Claramente me sobrevaloro","Mi sopravvaluto chiaramente","😵‍💫",4,2,"I brag a little","Je me vante un peu","Presumo un poco","Mi vanto un po'","😅",6,3,"I often see the bright side","Je vois souvent le bon côté","Veo a menudo el lado bueno","Vedo spesso il lato positivo","💪",8,4,"I try to be honest","J’essaie d’être honnête","Intento ser honesto","Cerco di essere onesto","🦾",10,5,"I'm quite objective","Je suis plutôt objectif","Soy bastante objetivo","Sono piuttosto obiettivo","😎",12,6,"I'm super clear-headed (even about my flaws)","Je suis super lucide (même sur mes défauts)","Soy súper lúcido (incluso sobre mis defectos)","Sono super lucido (anche sui miei difetti)"
"kNYJ4do9lzA5DZbC9n16","defender","soccer","published","meta",1,"What kind of games do you usually play in?","Tu joues le plus souvent dans quel genre de matchs ?","¿En qué tipo de partidas juegas más seguido?","In che tipo di partite giochi più spesso?","😩",2,1,"Scrappy games","Des matchs à l’arrache","Partidas improvisadas","Partite improvvisate","😵‍💫",4,2,"Chill games","Des matchs tranquilles","Partidas tranquilas","Partite tranquille","😅",6,3,"Five-a-side with friends","Du five entre potes","Un five entre amigos","Partite tra amici","💪",8,4,"Well-organized games","Des bons matchs organisés","Buenas partidas organizadas","Buone partite organizzate","🦾",10,5,"In tournaments or leagues","En tournoi ou ligue","En torneo o liga","In torneo o lega","😎",12,6,"Very serious games","Des matchs très sérieux","Partidas muy serias","Partite molto serie"
"ln0JYBlwWhxjUDfJde2h","defender","soccer","published","pace",1,"A forward beats you to the ball on a through pass…","Un attaquant te prend de vitesse sur une passe en profondeur…","Un delantero te gana en velocidad con un pase en profundidad…","Un attaccante ti anticipa su un passaggio filtrante…","😩",2,1,"I get left behind without being able to react","Je me fais déposer sans pouvoir réagir","Me dejan atrás sin poder reaccionar","Mi faccio superare senza poter reagire","😵‍💫",4,2,"I run but he gets too far ahead","Je cours mais il prend trop d’avance","Corro pero toma mucha ventaja","Corro ma prende troppo vantaggio","😅",6,3,"I follow him with difficulty to the box","Je le suis difficilement jusqu'à la surface","Lo sigo con dificultad hasta el área","Lo seguo a fatica fino all'area","💪",8,4,"I get back in time but can't intervene","Je reviens à temps mais sans pouvoir intervenir","Regreso a tiempo pero sin poder intervenir","Torno in tempo ma senza poter intervenire","🦾",10,5,"I get back and force him to shoot quickly","Je reviens et je le pousse à frapper vite","Regreso y lo empujo a disparar rápido","Torno e lo costringo a tirare velocemente","😎",12,6,"I catch up and cut off the play","Je le rattrape et je coupe l'action","Lo alcanzo y corto la acción","Lo raggiungo e interrompo l'azione"
"ls1VKQN28tXnjZnRdm6Q","goalkeeper","soccer","published","meta",1,"In your team, you're more like...","Dans ton équipe, tu es plutôt…","En tu equipo, eres más bien...","Nella tua squadra, sei piuttosto...","😩",2,1,"The one picked last","Celui qu’on prend en dernier","El que eligen de último","Quello che si sceglie per ultimo","😵‍💫",4,2,"Often struggling","Souvent en galère","A menudo en apuros","Spesso in difficoltà","😅",6,3,"Decent, nothing more","Correct sans plus","Correcto sin más","Corretto senza più","💪",8,4,"Pretty reliable","Plutôt fiable","Bastante confiable","Piuttosto affidabile","🦾",10,5,"One of the good ones","L’un des bons","Uno de los buenos","Uno dei buoni","😎",12,6,"One of the best","L’un des meilleurs","Uno de los mejores","Uno dei migliori"
"mO0GJDARmGGkLSsKGeG4","goalkeeper","soccer","published","meta",1,"Le plus important pour toi, c'est de…","Le plus important pour toi, c'est de…","Lo más importante para ti es...","La cosa più importante per te è…","😩",2,1,"Laugh, not take myself seriously","Rigoler, ne pas me prendre au sérieux","Reír, no tomarme en serio","Ridere, non prendermi sul serio","😵‍💫",4,2,"Me défouler un peu","Me défouler un peu","Desahogarme un poco","Sfamarmi un po'","😅",6,3,"Passer un bon moment entre potes","Passer un bon moment entre potes","Pasar un buen rato entre amigos","Passare un buon momento tra amici","💪",8,4,"Être utile à l’équipe","Être utile à l’équipe","Ser útil para el equipo","Essere utile alla squadra","🦾",10,5,"Gagner si possible","Gagner si possible","Ganar si es posible","Vincere se possibile","😎",12,6,"Gagner, peu importe comment","Gagner, peu importe comment","Ganar, sin importar cómo","Vincere, a qualunque costo"
"nlDQOEmKj16WDUGJ2TJE","goalkeeper","soccer","published","meta",1,"Do you play soccer often?","Tu joues souvent au foot ?","¿Juegas seguido al fútbol?","Giochi spesso a calcio?","😩",2,1,"Very rarely, almost never","Très rarement, presque jamais","Muy raramente, casi nunca","Molto raramente, quasi mai","😵‍💫",4,2,"Once every 2-3 months","Une fois tous les 2-3 mois","Una vez cada 2-3 meses","Una volta ogni 2-3 mesi","😅",6,3,"About once a month","Environ une fois par mois","Aproximadamente una vez al mes","Circa una volta al mese","💪",8,4,"About twice a month","Environ 2 fois par mois","Aproximadamente 2 veces al mes","Circa 2 volte al mese","🦾",10,5,"Almost every week","Presque toutes les semaines","Casi todas las semanas","Quasi tutte le settimane","😎",12,6,"Every week, or more","Toutes les semaines, voire plus","Todas las semanas, incluso más","Tutte le settimane, se non di più"
"pXxU2cgllimVjArF7EId","forward","soccer","published","dribbling",1,"You receive the ball under pressure, you need to get out of it...","Tu reçois le ballon serré, tu dois t’en sortir…","Recibes el balón presionado, debes salir de ahí...","Ricevi la palla sotto pressione, devi uscirne...","😩",2,1,"I lose the ball immediately","Je perds le ballon direct","Pierdo el balón directo","Perdo subito la palla","😵‍💫",4,2,"I keep it for a moment then lose it","Je le garde un instant puis le perds","Lo mantengo un instante y luego lo pierdo","La tengo un attimo poi la perdo","😅",6,3,"I turn around but it's risky","Je me retourne mais c’est risqué","Me doy la vuelta pero es arriesgado","Mi giro ma è rischioso","💪",8,4,"I protect myself and play it back","Je me protège et joue en retrait","Me protejo y juego hacia atrás","Mi proteggo e gioco all'indietro","🦾",10,5,"I manage under pressure","Je m’en sors sous pression","Me las arreglo bajo presión","Me la cavo sotto pressione","😎",12,6,"I turn around and move forward with the ball at my feet","Je me retourne et j’avance balle au pied","Me doy la vuelta y avanzo con el balón","Mi giro e avanzo palla al piede"
"phc73HAqRHllw8Fl49GE","goalkeeper","soccer","published","positioning",1,"The striker is a bit off-center, shoots for the near post...","L’attaquant est un peu excentré, tir au premier poteau…","El delantero está un poco desviado, dispara al primer palo...","L'attaccante è un po' fuori posizione, tira al primo palo...","😩",2,1,"I leave a gap and it's in","Je laisse un trou et c’est dedans","Dejo un hueco y entra","Lascio un buco ed è dentro","😵‍💫",4,2,"I'm poorly positioned and react late","Je suis mal placé et je réagis tard","Estoy mal posicionado y reacciono tarde","Sono mal posizionato e reagisco tardi","😅",6,3,"I try to close but it's too tight","Je tente de fermer mais c’est trop juste","Intento cerrar pero es demasiado justo","Provo a chiudere ma è troppo tardi","💪",8,4,"I deflect it with the tip of my foot","Je dévie du bout du pied","Desvío con la punta del pie","Devio con la punta del piede","🦾",10,5,"I close well and parry it","Je ferme bien et je la repousse","Cierro bien y la rechazo","Chiudo bene e la respingo","😎",12,6,"I'm on the trajectory and catch it","Je suis sur la trajectoire et je la capte","Estoy en la trayectoria y la capturo","Sono sulla traiettoria e la prendo"
"qPrVnkDfzfdafXiqV3Qg","defender","soccer","published","physicality",1,"You need to hold back a forward who's pushing you from behind...","Tu dois contenir un attaquant qui te pousse dans le dos…","Tienes que contener a un delantero que te empuja por detrás...","Devi contenere un attaccante che ti spinge da dietro...","😩",2,1,"I get moved easily","Je me fais bouger facilement","Me mueven fácilmente","Mi faccio spostare facilmente","😵‍💫",4,2,"I fall on contact","Je tombe au contact","Caigo al contacto","Cado al contatto","😅",6,3,"I hold my ground but he gets past anyway","Je résiste mais il passe quand même","Resisto pero él pasa igual","Resisto ma passa comunque","💪",8,4,"I keep him off balance","Je le tiens en déséquilibre","Lo mantengo en desequilibrio","Lo tengo in equilibrio precario","🦾",10,5,"I win the physical duel","Je gagne le duel dans le corps à corps","Gano el duelo cuerpo a cuerpo","Vinco il duello corpo a corpo","😎",12,6,"I shut him down physically without fouling","Je l’éteins physiquement sans faute","Lo apago físicamente sin falta","Lo spengo fisicamente senza fallo"
"qgL1A9dIPN5xzSpm2vBr","forward","soccer","published","pace",1,"Your teammate starts a counter, you want the ball...","Ton coéquipier déclenche un contre, tu veux être servi…","Tu compañero inicia un contraataque, quieres el balón...","Il tuo compagno avvia un contropiede, vuoi la palla...","😩",2,1,"I stay static","Je reste statique","Me quedo estático","Rimango statico","😵‍💫",4,2,"I start but I'm off tempo","Je pars mais je suis hors tempo","Salgo pero estoy fuera de tiempo","Parto ma sono fuori tempo","😅",6,3,"I run down the middle without conviction","Je cours dans l’axe sans conviction","Corro por el centro sin convicción","Corro nell'asse senza convinzione","💪",8,4,"I make an average run","Je propose un appel moyen","Hago un pase medio","Propongo un movimento medio","🦾",10,5,"I make a sharp run","Je déclenche un appel tranchant","Inicio un pase decisivo","Avvio un movimento deciso","😎",12,6,"I start at the right time and get found","Je pars dans le bon timing et je suis trouvé","Salgo en el momento justo y me encuentran","Parto al momento giusto e vengo trovato"
"qygcqbUeDWh6WQN6LUlc","goalkeeper","soccer","published","footwork",1,"Your defender makes a pass to you, but the forward is pressuring you...","Ton défenseur te fait une passe, mais l’attaquant te presse…","Tu defensor te pasa el balón, pero el delantero te está presionando...","Il tuo difensore ti passa la palla, ma l'attaccante ti sta pressando...","😩",2,1,"I panic and miss my control","Je panique et rate mon contrôle","Entro en pánico y fallo mi control","Mi agito e sbaglio il controllo","😵‍💫",4,2,"I clear it randomly","Je dégage n’importe comment","Despejo de cualquier manera","Sgombro alla cieca","😅",6,3,"I give the ball to the opponent","Je rends la balle à l’adversaire","Devuelvo la pelota al adversario","Riconsegno la palla all'avversario","💪",8,4,"I control but waste time","Je contrôle mais perds du temps","Controlo pero pierdo tiempo","Controllo ma perdo tempo","🦾",10,5,"I play it simple to a teammate","Je joue simple vers un partenaire","Juego simple hacia un compañero","Gioco semplice verso un compagno","😎",12,6,"I beat him and restart cleanly","Je l’élimine et je relance proprement","Lo elimino y relanzo limpiamente","Lo supero e rilancio pulito"
"rBobdljejsaydKsZFs3K","midfielder","soccer","published","shooting",1,"You win the ball back with a press and can shoot quickly...","Tu grattes un ballon au pressing et tu peux frapper vite…","Ganas el balón presionando y puedes disparar rápido...","Recuperi palla con il pressing e puoi tirare veloce...","😩",2,1,"I rush and miss the ball","Je me précipite et je rate le ballon","Me apresuro y fallo el balón","Mi precipito e manco il pallone","😵‍💫",4,2,"I shoot off-balance","Je frappe en déséquilibre","Golpeo desequilibrado","Colpisco in modo sbilanciato","😅",6,3,"I shoot quickly but without power","Je tire vite mais sans puissance","Tiro rápido pero sin potencia","Tiro veloce ma senza potenza","💪",8,4,"I aim despite the pressure","Je cadre malgré la pression","Apunto a pesar de la presión","Inquadro nonostante la pressione","🦾",10,5,"I strike well, the goalkeeper has to intervene","Je frappe bien, le gardien doit intervenir","Golpeo bien, el portero debe intervenir","Colpisco bene, il portiere deve intervenire","😎",12,6,"I unleash a quick and effective shot","Je déclenche une frappe rapide et efficace","Lanzo un tiro rápido y eficaz","Scateno un tiro rapido ed efficace"
"rCchseV5qhleIKISf7bA","midfielder","soccer","published","meta",1,"Regarding concentration, on the field, you're...","Niveau concentration, sur le terrain, tu es…","En cuanto a concentración, en el campo, eres...","Livello di concentrazione, in campo, sei...","😩",2,1,"Always elsewhere","Toujours ailleurs","Siempre en otro lado","Sempre altrove","😵‍💫",4,2,"I often drift off","Je décroche souvent","Me desconcentro a menudo","Mi distraggo spesso","😅",6,3,"It depends on the moments","Ça dépend des moments","Depende del momento","Dipende dai momenti","💪",8,4,"Rather focused","Plutôt concentré","Más bien concentrado","Piuttosto concentrato","🦾",10,5,"Focused almost the whole game","Focus quasi tout le match","Casi todo el partido enfocado","Quasi tutto il match concentrato","😎",12,6,"Nothing distracts me","Rien ne me déconcentre","Nada me desconcentra","Niente mi distrae"
"tN4V5TfsObhW4YjotB7q","goalkeeper","soccer","published","meta",1,"What kind of games do you usually play in?","Tu joues le plus souvent dans quel genre de matchs ?","¿En qué tipo de partidas juegas más seguido?","In che tipo di partite giochi più spesso?","😩",2,1,"Scrappy games","Des matchs à l’arrache","Partidas improvisadas","Partite improvvisate","😵‍💫",4,2,"Chill games","Des matchs tranquilles","Partidas tranquilas","Partite tranquille","😅",6,3,"Five-a-side with friends","Du five entre potes","Un five entre amigos","Partite tra amici","💪",8,4,"Well-organized games","Des bons matchs organisés","Buenas partidas organizadas","Buone partite organizzate","🦾",10,5,"In tournaments or leagues","En tournoi ou ligue","En torneo o liga","In torneo o lega","😎",12,6,"Very serious games","Des matchs très sérieux","Partidas muy serias","Partite molto serie"
"uPQ3VYgwKxVYxeCpm4pt","forward","soccer","published","meta",1,"Le plus important pour toi, c'est de…","Le plus important pour toi, c'est de…","Lo más importante para ti es...","La cosa più importante per te è…","😩",2,1,"Laugh, not take myself seriously","Rigoler, ne pas me prendre au sérieux","Reír, no tomarme en serio","Ridere, non prendermi sul serio","😵‍💫",4,2,"Me défouler un peu","Me défouler un peu","Desahogarme un poco","Sfamarmi un po'","😅",6,3,"Passer un bon moment entre potes","Passer un bon moment entre potes","Pasar un buen rato entre amigos","Passare un buon momento tra amici","💪",8,4,"Être utile à l’équipe","Être utile à l’équipe","Ser útil para el equipo","Essere utile alla squadra","🦾",10,5,"Gagner si possible","Gagner si possible","Ganar si es posible","Vincere se possibile","😎",12,6,"Gagner, peu importe comment","Gagner, peu importe comment","Ganar, sin importar cómo","Vincere, a qualunque costo"
"viJ8mOeULFf7RWcjRCUM","midfielder","soccer","published","defence",1,"An opponent tries to advance through your center...","Un adversaire tente de progresser dans ton axe…","Un rival intenta avanzar por tu centro...","Un avversario cerca di avanzare nel tuo centro...","😩",2,1,"I let it pass without moving","Je laisse passer sans bouger","Dejo pasar sin moverme","Lascio passare senza muovermi","😵‍💫",4,2,"I back off without intervening","Je recule sans intervenir","Retrocedo sin intervenir","Arretro senza intervenire","😅",6,3,"I slow him down a bit but he gets through","Je le freine un peu mais il passe","Lo freno un poco pero pasa","Lo freno un po' ma passa","💪",8,4,"I stay in front of him and block him","Je reste devant lui et je le gêne","Me quedo delante de él y lo incomodo","Resto davanti a lui e lo ostacolo","🦾",10,5,"I prevent him from advancing","Je l’empêche d’avancer","Le impido avanzar","Gli impedisco di avanzare","😎",12,6,"I stop him cleanly and recover","Je le stoppe proprement et récupère","Lo detengo limpiamente y recupero","Lo fermo pulito e recupero"
"x7JN5ExnHfywnfbEh2Yv","midfielder","soccer","published","meta",1,"In your team, you're more like...","Dans ton équipe, tu es plutôt…","En tu equipo, eres más bien...","Nella tua squadra, sei piuttosto...","😩",2,1,"The one picked last","Celui qu’on prend en dernier","El que eligen de último","Quello che si sceglie per ultimo","😵‍💫",4,2,"Often struggling","Souvent en galère","A menudo en apuros","Spesso in difficoltà","😅",6,3,"Decent, nothing more","Correct sans plus","Correcto sin más","Corretto senza più","💪",8,4,"Pretty reliable","Plutôt fiable","Bastante confiable","Piuttosto affidabile","🦾",10,5,"One of the good ones","L’un des bons","Uno de los buenos","Uno dei buoni","😎",12,6,"One of the best","L’un des meilleurs","Uno de los mejores","Uno dei migliori"
"xORd8OLkOWtC48AfKugb","defender","soccer","published","dribbling",1,"A forward is pressing hard, you need to get out of the duel...","Un attaquant presse fort, tu dois sortir du duel…","Un delantero te está presionando fuerte, debes salir del duelo...","Un attaccante ti sta pressando forte, devi uscire dal duello...","😩",2,1,"I lose the ball on the first contact","Je perds le ballon sur le premier contact","Pierdo el balón en el primer contacto","Perdo la palla al primo contatto","😵‍💫",4,2,"I clear it into the wall","Je dégage dans le mur","Despejo contra el muro","Sgombro nel muro","😅",6,3,"I get out of it with a lucky bounce","Je m’en sors avec un contre favorable","Me las arreglo con un contra favorable","Me la cavo con un rimpallo favorevole","💪",8,4,"I hold onto the ball gritting my teeth","Je garde la balle en serrant les dents","Mantengo la pelota apretando los dientes","Tengo la palla stringendo i denti","🦾",10,5,"I barely dribble past him","Je le dribble de justesse","Lo regateo por poco","Lo dribblo per un pelo","😎",12,6,"I take him on and get out cleanly","Je le fixe et je m’en sors proprement","Lo fijo y salgo limpio","Lo fisso e me la cavo pulitamente"
"yjHHRDJRzFdxSB3hhp9y","forward","soccer","published","meta",1,"What kind of games do you usually play in?","Tu joues le plus souvent dans quel genre de matchs ?","¿En qué tipo de partidas juegas más seguido?","In che tipo di partite giochi più spesso?","😩",2,1,"Scrappy games","Des matchs à l’arrache","Partidas improvisadas","Partite improvvisate","😵‍💫",4,2,"Chill games","Des matchs tranquilles","Partidas tranquilas","Partite tranquille","😅",6,3,"Five-a-side with friends","Du five entre potes","Un five entre amigos","Partite tra amici","💪",8,4,"Well-organized games","Des bons matchs organisés","Buenas partidas organizadas","Buone partite organizzate","🦾",10,5,"In tournaments or leagues","En tournoi ou ligue","En torneo o liga","In torneo o lega","😎",12,6,"Very serious games","Des matchs très sérieux","Partidas muy serias","Partite molto serie"
"yoDsqnD7AINMxXWqUVh7","midfielder","soccer","published","passing",1,"A teammate gets open between the lines...","Un coéquipier se démarque entre les lignes…","Un compañero se desmarca entre líneas...","Un compagno si smarca tra le linee...","😩",2,1,"I don't see him","Je ne le vois pas","No lo veo","Non lo vedo","😵‍💫",4,2,"I see him too late","Je le vois trop tard","Lo veo demasiado tarde","Lo vedo troppo tardi","😅",6,3,"I attempt a risky pass","Je tente une passe approximative","Intento un pase aproximado","Provo un passaggio approssimativo","💪",8,4,"I find him at his feet","Je le trouve dans les pieds","Lo encuentro en los pies","Lo trovo nei piedi","🦾",10,5,"I break the line with a great pass","Je casse la ligne avec une belle passe","Rompo la línea con un buen pase","Rompo la linea con un bel passaggio","😎",12,6,"I send him perfectly into space","Je le lance parfaitement dans l’espace","Lo lanzo perfectamente al espacio","Lo lancio perfettamente nello spazio"