DOC_ID,MESSAGE,DATE
07w7q65MfTJyajHG9WZT,Asec Mimosas,2023-09-09T06:52:48.345Z
0B4dgOFmcUyKM4NDdr7n,Algérie ,2023-10-27T15:39:12.303Z
0QZqJrFdzYUYu6s4yduH,Raja,2023-08-26T16:17:57.523Z
0uTDc3PkrJ6iocz4UFrs,Eibar,2023-09-12T07:26:05.314Z
12iRjwikjRQPnTpiZHto,Casablanca ,2023-11-17T14:02:54.660Z
1JrMeYl5is55mN5gtmNy,Fluminense Football Club,2023-09-24T07:05:12.811Z
1mo4MYFUUNqrIrj9uRfv,Leeds ,2023-09-18T10:20:12.265Z
1sOVIw2MF8iKC3wOuvSE,Étoile sportive de sahel,2023-11-10T17:53:42.240Z
28w8W0U7cM2DG4TSVDIq,Paris football club,2023-11-20T16:49:25.901Z
2NSyk3DKGyH4OT1aZmFH,Raja athlétique club ,2023-09-01T21:35:34.998Z
2RDpptFWejNhKWeOeyHo,Raja Casablanca ,2023-11-06T23:39:46.050Z
2bHobcscERxjsi0VAQvr,Mouloudia club d’Alger ,2023-10-22T17:14:38.452Z
31prZtpYMhlrXH7i4LSp,FUS Rabat,2023-10-23T19:46:17.348Z
3KVHCvmpLHdTLNm1bpBr,AL Nasser,2024-01-02T19:50:27.650Z
3QKb81N12XnwNk1pR3bx,Raja club athletic,2023-10-12T10:32:34.834Z
3S8oRVepO3A49WnnqIZL,wydad casablanca,2023-09-19T16:40:46.444Z
4AENLAoy3NT3GLnUp6Xo,Wydad,2023-12-28T23:49:26.627Z
4QxNwRspiQvNmprzK201,Real Madrid,2023-10-21T15:41:32.630Z
4iBGlWV6rrolfN5mynOW,Maroc,2023-09-19T15:43:46.844Z
5Lw5xqi41WJeJjr5wRko,Wydad Casablanca ,2023-09-19T12:57:07.235Z
5OUqxwhD3TcCqdkpxSld,Union de Douala,2023-09-01T23:24:37.700Z
5pUENuLYa2LN1zOYZ1v0,Raja,2023-09-20T18:45:58.705Z
6KcdE5RkFbhUDS2NSjv4,Wydad,2023-09-19T13:56:41.966Z
6d0e2ihflSYc7qkplVhm,,2024-01-24T00:24:36.211Z
6lonKI6qzZGh2vmx3thn,Raja Casablanca ,2023-09-06T14:54:31.870Z
7EiyGfSvlq0SNCOf5UWg,Chabab rif elhoucaimi,2023-10-16T18:59:04.955Z
7hPgeoXc2MPkQskLzsrA,Club africain,2024-01-18T18:06:24.154Z
7yFREDt4k1ouBBmeLxpM,N.R.B.T,2023-10-05T16:27:44.486Z
7zUy7NXFKEHlraWkoD49,Jsk,2023-09-06T18:05:53.778Z
85K1pSbtiIxAFsmQ4Wzp,esperence sportive de tunis,2023-10-17T14:06:21.726Z
8cGo41xBFNIqZIMxl5X5,Al Nassr,2023-12-04T20:15:10.677Z
8hQx9EIUdQvpfv21ODXs,Raja athletic club,2023-09-06T11:38:49.821Z
90KRIbtJyyeJkPoUGuI4,Royal Football Club Liegeois,2023-11-06T09:18:41.626Z
9Il7Vdk35mMKuvS25oB1,RAJA CLUB ATHLETIC,2023-10-02T10:10:06.789Z
9St4H730JtmMTcDd22Gl,Stade toulousain,2023-09-26T17:16:21.968Z
9XaXZPXOdP4pMwv9YQfG,CRB,2024-01-20T09:31:02.620Z
9Y0sVnYtTpN0BfGFEbGq,MOBéjaia,2024-01-14T14:35:38.852Z
9oXVxmYyHLDM9DjjZdtx,WAC,2024-01-08T17:46:48.587Z
9pPmpyUTlLDDu9Da0dLV,Canon sport,2023-09-13T14:21:52.519Z
9ul66RqdC3Eoyl0gSBqp,Réal Madrid,2023-09-19T09:14:00.813Z
9uwJsrOSel5KjWjIhmA6,Paris FC ,2023-10-05T15:23:23.537Z
A46nUfh7ivoVAfI0BMdO,Raja club athletic,2023-11-19T08:40:47.203Z
A8J9Pkm2jlsTq1xx80gU,Raja Club Athletic ,2023-10-13T20:24:32.863Z
AeDYhFgzSmyrjleZO2iX,Espérance de Tunis,2023-09-26T19:15:10.214Z
Aip9KYd7bzMbWDEsaBiX,Raja ,2024-01-05T12:08:06.512Z
B2hCIXTDF3cCOjVpd8Vj,WAC Casablanca ,2023-09-15T17:38:00.874Z
BFJK3pvxa57VNiRLTEYv,Club africain ,2023-10-27T19:35:54.438Z
BHYHcTn12Mw1LeVePDeo,Al nassr,2023-10-16T20:37:07.160Z
BM8OLBzRHXuVrnj0NnP2,JS Kabylie,2023-08-27T13:17:22.021Z
BV6OCo09NaH2ZTFsM0lF,Akhmat grozny ,2024-01-21T22:59:21.284Z
BWph0vf74j0xjPPCvHVy,Fluminense,2023-08-19T12:27:25.584Z
BecFpX1ReUmMwUBbSu5l,Basel ,2023-09-19T05:18:54.646Z
BuYWyD0UL2LGiwNRkZ21,Kawkab athlétique club de Marrakech ,2023-10-02T09:10:46.973Z
C1kPBKpJySS6pSxv2RA3,AS FAR Rabat,2023-09-21T16:20:33.648Z
C5HJyZvoaZYtsWyOkuXx,RAJA ATHLETIC CLUB CASABLANCA,2023-12-24T08:06:55.038Z
CKqtn9zlmCl4lT0BYm44,RS Berkane ,2023-12-30T18:03:26.556Z
CRYOrWsGEmhdLEKGoo7T,Maghreb atletic fes,2023-10-23T18:15:33.735Z
CUH6nEmntrU05CRqhIyb,Wydad Athletic Club,2024-01-20T19:53:08.547Z
CeCiFHztagYtZjVzjwLF,France,2023-10-29T18:27:13.102Z
Cky7lpRtKv6odb8BsyPR,Deportivo Palestino,2023-11-04T09:33:56.888Z
D2NNDT0pKUowhYCnALIO,Apollon limassol,2023-10-05T11:29:43.832Z
D9jHINGGGVW2Rq8yXe0L,Espérance sportive de Tunis ,2023-10-06T14:47:08.380Z
DWO6QP3tY2N6a9JUlqQ2,FLAMENGO ,2023-10-23T06:50:15.042Z
Dcj3Bz3uJjQKshZMkJo4,Raja Athletic club ,2023-10-11T12:55:30.749Z
DhifEh7lguATzl4R69Ft,😁,2023-12-20T07:44:20.574Z
Dp2Zdfxdyt39bn0b6QoF,Brésil ,2023-08-17T19:27:43.024Z
Dt3CwxFW205nQ7H1B6gC,Raja Casablanca ,2023-11-25T17:00:14.894Z
DxkJ5xqPKSee3kFaMx7g,Lille,2023-09-02T14:31:00.427Z
E7mN6BzDkKMUFpA4Q6H0,Al itihad,2023-12-10T11:47:15.284Z
EAkWCYxtAzltcMZaJaMA,Atletico Nacional de Medellín ,2024-01-24T00:23:03.625Z
EUO7oNrH7eA0VOhRgxCn,phnom penh crown,2023-10-19T12:30:38.822Z
EcF2WUItP8hJNoTue4w4,Hajduk Split ,2023-12-15T06:12:01.404Z
EvisXJ2t1hve4TKdN2Y5,Sénégal ,2023-11-23T15:11:55.092Z
Evxg0nr04XrZfqbd9cia,Wydad Casablanca,2023-12-02T19:36:36.997Z
ExczBeBXSI4krXAKcNCy,Fc Seoul,2024-01-05T22:06:26.997Z
FeUz2cI69K92bxt5Fn7J,Al Ahly ,2023-12-19T13:44:07.971Z
FwCqTCOeC4iMfoT1J3w7,Steaua Bucarest ,2024-01-07T06:37:26.741Z
GA9ZLw8Uen6o3HKvhJTp,OL,2023-09-17T14:16:52.563Z
GTkJME4bXML9MoUUlqZC,PARIS FC !!,2023-12-16T09:15:56.257Z
GbhBgmNkuGRpbIdA8MvH,Raja,2023-12-11T01:14:13.635Z
GntHeOlrTkjbrtdWsKVT,Raja,2023-10-11T23:03:47.989Z
GqniZDWVrMq4wCIIxFtO,Paris FC ,2023-09-30T14:06:44.770Z
H8zhI49Rp0EGqEh8HwJ2,Italie,2023-12-21T04:06:51.379Z
H9ZLEpYGpKLvJHgouF2A,Partizan,2023-09-14T08:34:40.493Z
HIjVqP1DyG8zufoMLcZW,Raja club ,2024-01-03T16:47:32.853Z
HmymUHKvRstQt8DSxyXG,Partizan,2023-10-04T21:50:37.627Z
HuXxyhzf1e0WwScrWieS,cd palestino,2024-01-01T18:16:58.403Z
Hwtspl7B9qSL54yL4kCj,JSK,2024-01-09T00:48:51.900Z
I69yxneaUADVqCi0W7jm,Partizan belgrade,2023-09-14T11:20:51.324Z
IChk9EHV69qrU3K2uqfP,Al nassr ,2023-11-25T13:41:05.428Z
IJLWm6FFRMMycnBzJzd9,Moghreb Atletico Tetouan,2024-01-19T21:29:18.192Z
IVV9dAuPjP8XYeDl4yNY,FC CONDE MACOU,2024-01-03T05:09:03.479Z
If9Zvm2ox05nvPBYVcDu,Sfax,2023-10-04T16:14:20.589Z
Iqs9lDS5IbwcG5F6wbkW,A.D Fafe,2024-01-25T21:28:18.751Z
J1eqNtdcS706DKqUCzQJ,Usld,2023-09-26T14:18:12.057Z
J4F8GRV8mqNcFZ7ya8BI,Grenoble Foot 38 ,2023-11-06T17:51:21.220Z
JBhgTVgO6eTH1XA9GYwj,Paris FC ,2024-01-03T00:03:56.589Z
JcbST9utLr1BsBsscHEn,Germany ,2023-11-28T03:58:22.662Z
JeP46tyZcqpZ0sR2cnbI,Raja Club Athlétique ,2024-01-30T03:18:37.441Z
JtF7iRvK6G04w8sBARSK,Wydad athlétique club,2023-09-19T01:15:57.660Z
JyzTRyS3yHFIe8PPdND1,Berkane,2023-12-27T03:30:18.415Z
K5ilbV4aVfD61XLkUfD2,River,2023-11-29T13:26:38.641Z
K96H8QXddQHkpZUXrsUC,Nancy,2023-09-27T15:26:40.832Z
KGEzSdgHWpqWpghGSb8w,Raja,2023-11-25T20:01:34.378Z
KNhbvHyGo3V8KI5THwBX,A S Aixoise ,2023-09-10T20:56:21.345Z
KPEMcy3Fvw5uqWnQO3Iw,,2023-11-09T15:30:05.726Z
KkmxE5KLjeYMAeKWupbP,Raja club athletic,2024-01-05T17:21:23.827Z
LdHr2fxfBdxP5oj3q1YJ,Rsb berkane,2023-09-22T16:11:15.836Z
LflVPgyFnSDnvRHHObG3,Bresil,2023-09-25T13:21:39.631Z
Lmui95UYYsWq6kUZ9ouA,Us Créteil ,2023-10-08T15:58:13.616Z
MFhrjyYN7dE23WnKfLg8,Espérance Sportive de Tunis,2023-11-10T20:57:12.940Z
NRH1qjszlRLBD4E3T48r,Raja,2023-09-13T09:57:40.136Z
NUO93wVjrst7k1YsePCF,Etoile rouge belgrade,2024-01-04T22:42:11.142Z
NjMOGm7gSEgmEicxl01E,Wydad casablanca,2023-10-29T13:35:41.309Z
OFdV94LiKf2NRm4Tmc5b,As lieusaint ,2023-11-11T10:28:35.641Z
OK34PKSfNvYYjNY7ZjQd,Zamalek,2023-09-11T14:33:50.924Z
OOhC6N4SP6CGeiTdIhIy,Fluminense (Brésil),2023-09-22T16:48:53.623Z
OZ7AOFRH6FG5FXIzUF4E,FC Mumbai ,2023-09-18T16:05:13.594Z
P0D2fmtc2zmY17Lfmzp3,Club africain ,2024-01-08T01:42:19.241Z
P8j1ut7aU5HesZNanwKs,Mali,2023-11-06T09:46:57.993Z
PC2nzrPkl3TrCOGzyw9g,red star,2023-09-16T20:26:13.532Z
PLGeSo0Axmn7UjO1eJYv,Rostov ,2023-10-24T08:47:31.244Z
PZZPp4wZJIX1WLwODDI1,Wac,2023-09-23T14:44:11.704Z
PpaEXDQj8l7l3cS2Q0VO,MAS,2023-09-19T13:17:15.783Z
Pt8oidww95fEjySKdDhF,Raja Casablanca ,2023-08-30T14:55:33.987Z
PwTTR0XarfRExytbArtR,Al Nass ,2023-11-26T12:39:56.251Z
PwohbNSt7eiTWwHSOYrY,Espérance de tunis,2023-10-04T16:14:05.771Z
Q3GT49Lm9sBfv8HsPxHQ,MAS,2023-11-08T23:09:43.279Z
Q4ccf3SbIzRvZFRgW7sw,Man united,2024-01-21T12:38:37.978Z
QL1JW9TgnmF4Pxump9M5,JSK,2023-11-24T20:06:39.332Z
QLxlEw53PB8sX0VO5KJy,USM EL Harrach,2023-08-05T04:04:14.541Z
QRRkt4A9u6ps2nOge40b,Raja club athlétique ,2023-10-07T13:12:00.295Z
QnS94hINBURJlGygYmo7,mitry-mory,2023-10-22T07:35:05.704Z
QqCpH40Y8vzWfW9VqTBO,Algérie,2024-01-14T15:34:16.431Z
R5t3h37ntYihvoaupp6B,Wydad athletic club,2023-09-21T06:31:09.066Z
R6OdZs1MxowhvnZtJgzk,Assec,2023-08-17T12:07:06.084Z
RGwop7mmjoXsQdPHjOdK,Fc Barcelone ,2024-01-12T12:38:23.659Z
RIico5aDLqACnQTru2TU,Club sport sfaxien,2023-11-29T22:19:23.314Z
RWawYKWRSZn5ujXBmK5o,Raja club athlétic,2023-10-10T12:12:33.669Z
RZS7rl88HYYxdrx7VsR9,CD Tenerife ,2023-09-19T13:27:28.278Z
RbKBMRlGv7HRoahTb1zP,Raja Casablanca ,2023-12-23T11:39:55.325Z
Rw5Hkbaio20i53HBZlUe,Raja Casablanca ,2023-09-19T18:46:35.026Z
RzT7z693377FttCZeCUy,Étoile Sportive du Sahel (ESS),2023-12-02T10:01:56.442Z
SBI9bG0VGhpoKCUIDw7G,Atlético Nacional de Medellin ,2023-12-10T22:05:56.568Z
SYN4gYnoPA7DYS3C7MAl,Grenoble Foot 38,2023-11-15T10:01:42.039Z
SdjHfbIO9vVJ7BLB7s0X,Raja casablanca,2024-01-02T21:38:29.181Z
Sp7PYAKiB6cOgH6q3dgd,Grenoble Foot 38 ,2023-09-14T17:59:39.264Z
SplviLDz5DLCkh7mtKN5,Raja Casablanca,2023-10-22T20:50:02.652Z
SxLkuE6E6mXzh8qT6P3D,Mouloudia club oujda,2024-01-05T00:57:04.485Z
T0nRmt4zPKWt3edmsohC,Al Nassr,2023-10-21T17:40:11.472Z
TIelBYqMRHkI3QIShdV4,Est,2024-01-06T12:53:26.973Z
TSRMkvz8n1cuDkPSUdbz,Espérance de Tunis ,2023-09-28T16:54:51.739Z
TapYXav8I9sIfRDD5WV1,Maroc,2023-09-13T10:23:22.494Z
TgoO4Z93RssFEw0Z5K5J,Maroc,2023-12-10T08:46:45.135Z
ThjwofO7A34EPvzfWnoM,Benfica ,2023-12-13T07:17:37.818Z
TjnL8xIlUXAHdN7sgkQG,Ock,2024-01-09T10:17:20.994Z
Tniws3fxGiOhriJzn8Py,PARIS FC,2023-10-05T15:21:44.647Z
TouI3kvcaGOm32Zh9waX,Raja de Casablanca ,2023-12-14T14:46:47.010Z
TvE5wNzyPUKRtGYYpv44,Wydad Casablanca,2023-11-15T12:08:24.522Z
UPWzwtLvcfQrbpBdSt8H,Raja Casablanca,2024-01-28T12:12:59.477Z
UjfGyW164tDUYIwzlp9w,Espérance sportive de Tunis,2023-09-07T15:34:52.326Z
VEowxahOnw63QVdSnnAJ,Paris FC,2023-12-25T11:39:10.038Z
VIE84PJVbQrughHWtti5,RedBull Salzbourg ,2023-11-17T16:15:42.495Z
VlxPKRCUyKKkqoeI9ekA,Espérance Sportive de Tunis,2023-09-11T21:52:58.185Z
VreQXtYbfvFkplOvlyhA,Club africain ,2023-10-28T23:36:09.846Z
W37H2i6UFTs5cer1vfRy,Algerie 🇩🇿,2023-08-30T17:09:59.099Z
W5Dr7aALXeysboNZjTi7,Raja Club Athletic,2023-11-05T17:14:34.502Z
WPj51yjvgRuzChcIPhfz,Wydad Casablanca,2023-11-02T18:30:52.459Z
Wlv214irAgKjfr51FRyr,Le Mans FC,2023-12-17T12:07:58.596Z
WnlKcZRUjhiBaCfzqbu1,Fc tourcoing,2023-09-10T20:48:51.293Z
WsLeDH4ABEznFBdgO6lO,FAR Rabat,2023-09-21T16:20:52.264Z
WxxIVm3ZPiuKejGoRr39,Wydad Casablanca ,2023-09-10T19:44:30.265Z
XctYMbavN6BT8InCqjKw,Maghreb de Fes ,2023-12-04T15:34:07.701Z
XpYwbhTtXtcAmOVZP0Zl,Standard de Liège ,2023-09-19T12:14:03.270Z
Xtz58mIwaZHO5TscGTgy,Raja Casablanca ,2023-09-02T22:07:28.807Z
XvWWH3UBxlaypzreoPVM,Raja de Casablanca ,2023-10-07T11:01:53.511Z
YYcuNuqtVV5NSkDZtQVt,Fc All Star Game,2023-08-08T18:37:21.418Z
YkJMHZSP9qT812wM281Y,Algérie ,2023-11-17T19:14:31.162Z
YkaH22NeBmUHHvZD1rYO,Jsk ,2023-12-14T19:39:12.599Z
Z4qOrju7inKdTfQOCtaC,Wydad Casablanca ,2023-11-06T18:19:46.821Z
Z4uSyOeZliGXz1idlvrX,Raja Casablanca,2023-11-17T12:34:31.791Z
ZHN9tcVwTWSBM23a4LzF,As Meudon,2023-09-11T17:52:04.595Z
ZKxwGzGWs95dDudXbso2,Jsk,2023-10-18T14:19:37.264Z
ZNOXlaGTOujDt7TfXTga,Panthère de Bagangté,2023-09-01T23:24:07.108Z
Zao7krecEfu3ErF0bYqj,Panthère de Bagangté ,2023-11-01T21:01:32.992Z
ZiaQhElQ38w4EK7QodxJ,Espérance ,2024-01-18T14:00:29.398Z
Zl7p8RZYM8Ljx33BR1O7,Wydad ,2023-10-10T15:56:49.663Z
a0cB05s5vh1MwycmodbR,Zmamra,2023-09-20T18:45:43.041Z
aYxeOIazicrH9r8pPkFI,Red Star,2023-10-12T15:37:37.650Z
agEDBVjFTpHkAtY70qaI,As far rabat ,2023-10-11T19:23:02.013Z
amq26BKAOydthsQbmBkD,Raja de Casablanca ,2023-12-01T08:30:39.165Z
azXxqnVlpVbCXyXXYxgD,FC Andorre ,2023-09-12T07:26:49.027Z
b024zdT0CMx7IVJQAtQC,Gf38,2023-11-04T15:53:47.841Z
b7oMsFeHBFgC7m6veAs1,Paris FC,2023-12-31T21:15:12.017Z
bDgYn9blMQLprhx1ZIxu,Étoile sportive du Sahel ,2024-01-14T13:48:15.585Z
bMI4zLwDZ4Mco7SdkSVn,Dynamo Zagreb,2023-09-20T13:13:54.469Z
bMQixyGJAPpXMWXTAyDJ,USMA d'Alger ,2023-11-28T11:04:16.275Z
bQfGN7RjAOUiba6Aywxc,Raja Casablanca ,2023-08-31T12:26:56.202Z
bZupZImBQFs84cz5Gy4R,SC Bastia,2023-09-04T12:00:44.670Z
bj2wCjywKNS6gdY0udFm,Villiers-sur-Marne,2023-12-16T17:53:34.196Z
c7Qpf3Tiu3MftYVGDHqN,Stade toulousain ,2023-09-26T17:12:10.813Z
cGHImSvMVB8u0Zm6UD5G,Mco,2023-12-07T11:44:27.574Z
cgjaZqSpc79ncHKnEAyt,MCA,2023-09-09T17:19:24.879Z
crvMAw37Wu5Mmdgmxs2q,Raja Casablanca ,2023-11-21T16:41:11.957Z
d9y4gfVCwbEnMcqCAwOI,Grenoble Foot 38 ,2023-11-06T17:52:35.682Z
dcxAJH9bJA6KQuR5dOSB,Kenitra athlétic club,2023-11-09T17:06:52.331Z
eB192OPn8dE3ZWvTNULZ,QPR,2023-10-21T12:52:12.144Z
eBLziCSLbLQ0DccPo3MK,Wydad club athletic,2023-10-17T17:50:40.602Z
eCTk5TPvfyodpmrHxjEG,Esperance sportive de Tunis,2023-09-20T17:43:41.253Z
eXOrMqIQ3ZSNJwXNLFU1,Fluminense (Brésil),2023-10-14T18:09:20.572Z
eu9k9CLxPygpC9aZeSey,Jeunesse Sportive de Kabylie ,2023-09-10T12:45:25.742Z
f1cxR64qi82IDyH9wASB,Husa,2023-10-24T17:42:05.815Z
f5j9U6SLMcZmWciE5hA2,Fc Seoul,2024-01-05T22:07:02.605Z
fMyuR2SLw9dGg5qTF0Ex,Algerie ,2023-12-06T10:38:11.393Z
fXZOAVU3ut8aGoXLVHUx,Algerie,2023-12-07T11:20:10.980Z
fZZQVTtrtL1R7LFHrwsD,Espérance sportive de Tunis ,2023-12-08T18:55:21.323Z
feIX5ucBDuSlZUyoj1fG,As Aixoise ,2023-10-16T10:19:25.656Z
fo24CcdeYc6AK3G2ivDR,FC nouadhibou,2024-01-03T18:43:02.748Z
fvLY95Tjj51hiW7m09ku,Wydad de Casablanca,2023-11-07T23:46:22.354Z
g9mgwdsNV5hA3RTKzGAa,Paris FC svppppppp 🙏🏼🙏🏼🙏🏼,2023-11-04T17:46:51.828Z
gGAf7xx5Yl0doAxZKEv8,Raja club athlétique ,2023-11-10T11:00:27.113Z
gpDmUgXNUkE4iR4plHbr,Renaissance sportive de Berkane ,2023-09-10T12:41:17.220Z
h3eU2QGsV4LohJ71GoyY,Union de Douala,2023-11-05T22:32:47.026Z
hIjboinzpYueMvZ2wAF1,Raja ,2023-09-21T21:03:05.266Z
hSKUKFble4NpXq8cJVS2,Red star fc ,2024-01-18T12:07:47.018Z
hYBXEcHGxglB7E7RyhY0,Tataouine ,2023-09-23T05:01:20.257Z
hjXtkWet6l4gJ0iuRQSj,Tataouine ,2023-09-24T09:39:14.858Z
iD8rZp84LVsg1APSKPXj,Raja Casablanca ,2023-10-24T14:36:54.240Z
iG4tGKx5IaWeOuj3fsNS,Paris FC ,2023-12-07T12:59:50.998Z
iKMzAjWVyY086MLdrS8w,Grenoble Foot 38 ,2023-08-31T07:35:31.766Z
iRo4i2gdsM6mgNNKCfQL,,2024-01-16T10:32:34.011Z
iZX11tGrukBUZJRNFGHM,Apollon limassol ,2023-10-07T21:10:59.527Z
ikhZMl49xkIER3HrHrVl,Club Africain,2023-11-08T19:35:44.876Z
irksRQqtnlMvlHo2hj6k,Barcelone ,2023-09-18T20:09:19.184Z
iroEKHAK5rhlcT7qHGHA,Raja club athlétique (Casablanca),2023-09-14T14:03:07.506Z
jCp8S7PRURgNazC9NTKE,Paris Fc,2023-11-11T14:59:04.165Z
jHXT1cPWGqNy1ObZ9HEc,Paris fc,2023-12-21T19:51:19.638Z
jtmzXwNoqApxkmVhdohT,Grenoble Foot 38,2023-11-14T09:30:39.729Z
k3hFzWnnJnDttmP3wFxQ,Jsk ,2023-12-06T22:10:18.295Z
kNB1ExLSorhPztYYCphd,Le Mans FC,2023-09-19T08:17:31.920Z
kbkTU8atveiP0NPUYyyQ,Deportivo Palestino,2023-09-19T10:27:15.360Z
kcmsr4Znfw5LZHikmsnu,Wydad Casablanca ,2023-12-15T20:45:36.986Z
kgMdj0oOhejYuVLMXg3Q,Usma,2023-12-23T00:32:13.653Z
ki0S9R2onjpj1quouOKf,Mouloudia Club d’Alger,2023-10-15T11:37:34.931Z
kn7xyfSgjGXmMonH2o2J,Espérance sportifs de Tunis ,2023-11-09T17:19:34.103Z
l5r2ScrslolcnlZqN2QU,Association Sportive Aixoise,2023-09-10T20:59:35.257Z
lPYcHmP8jpKXAsevGRqJ,Js kabylie,2023-09-04T19:22:30.825Z
lj8fn6lp7CL37j1ti0sC,Sénégal ,2023-09-19T21:47:54.191Z
mJWm4CDKFZAdjpociR3v,Madagascar ,2023-10-29T11:20:56.878Z
mWtFuh3MIikWRHY2xII3,Raja Casablanca ,2023-10-25T14:56:07.535Z
mnMoFBiPdvYacXUCabVh,Zarzis ,2023-09-10T11:34:12.351Z
mqfODVV3zvlnGL38ug8C,MCA,2024-01-03T12:19:41.024Z
mwJYfSHHCJsnzT5UGuCh,Qarabag,2023-12-15T20:21:32.940Z
nHKLmieMUfAsk71et8UJ,Étoile sportive du Sahel ,2023-12-28T19:38:07.315Z
nLSWsyYVfmV0RvOaU5Qs,Guimaraes ,2023-08-15T18:25:05.965Z
nN1v20wHXgvCDE6kGbM8,Wydad,2023-10-06T14:19:17.368Z
nagzOFFAEOrZupqMpsDl,Raja athletic club,2023-09-06T19:17:01.407Z
nffDdD2aeWxeRbYw4EuQ,Paris FC ,2023-08-05T13:15:15.882Z
niuj0V8hfAWKJyZFE1wc,Orléans,2023-10-01T19:10:27.518Z
oCHkmWrMXSbZd4KMfObU,Atlético nacional ,2023-11-22T22:24:52.123Z
oGgsmKnnyKUq3VJufG3s,Mouloudia Club Algiers ,2023-09-09T17:18:58.740Z
oM1ZXrYYC96CmNtbbn5N,AjaxTaroudant,2023-10-16T18:58:57.619Z
oWhfJ1azM2rmBqsL5RCT,FC Sochaux,2023-10-22T13:55:42.553Z
oae58ucmRnAiF2AHfhKo,Raja Casablanca ,2023-10-11T18:42:55.046Z
ojKLch2mrVj329j5yfPY,WAC Casablanca ,2023-09-15T17:37:44.376Z
pLFHObAvIwjHxmz4teJ5,Raja de Casablanca ,2023-09-19T21:09:03.501Z
pXg5L9EZn1dyLowp0plJ,Esperance de tunis ,2023-10-08T15:23:16.084Z
qE74RCRI7NXBYOMt8BPQ,Al ittihad,2023-08-18T17:10:30.160Z
qI3qLTtcwKjYW56MuvHD,AFC Richmond ,2023-11-25T13:39:00.361Z
qSGmlC1sfot4FyChIKsC,Wydad Casablanca ,2023-09-04T23:49:02.675Z
ql7ID7AIdRbjdlYasPxD,Joinville-le-Pont ,2023-12-07T12:59:31.898Z
qoYulTB2oNnuk4db0NdB,Raja Casablanca club ,2023-12-28T13:25:35.071Z
qwZQmkSXvUWegtkkilgU,Raja Casablanca,2023-09-19T15:44:31.989Z
rBWdeqllVhDrDk41gCJU,Fc Fleury 91,2023-08-09T18:13:52.555Z
rQgKgTp2bCewUTY6j9g4,Zamalek ,2023-12-19T13:44:20.701Z
rTQOrEJNCBAurfQXT1jy,Wydad,2023-11-25T13:21:56.762Z
riPnP7dRYjVlqVJJOZoj,WAC,2023-09-22T20:17:59.077Z
rzV6DQDWDAjaA6gIWZ4t,Club africain tunisien,2023-09-02T21:06:19.281Z
sTCkTvU9rtrw7SILQW3J,Raja Casablanca,2023-11-02T18:15:11.435Z
siANXaqEYN25gy2Ot2cJ,Gf38 ,2023-09-24T12:22:38.271Z
sjOH4tJv0Adzv3r4Zwkx,Algérie,2023-12-28T15:53:33.958Z
spPTpAGOJ3oXDCjrwAu2,wydad,2023-08-28T12:04:17.933Z
t1n0AwCv9MmsQGjRzj0U,Raja Athletic Club,2023-09-17T14:25:48.860Z
t9NIwVohCY5kJaDehxUb,Raja,2023-11-18T23:11:24.666Z
tKV8UhudN0YGFp0r2MGZ,Sivasspor,2023-10-27T18:56:25.227Z
tSMbyY7Cd52gmqhaKPle,F.C. Palestine ,2023-10-18T18:19:29.362Z
tlF4ci3yjjZbMYxjtlUj,Wydad club athlétique ,2023-10-22T12:50:42.466Z
toUKgq4EUV9ceD4MOsvW,Ac milan,2023-12-08T18:28:52.118Z
tqhxvsxbWACPaumWxA6i,F.C. Palestine ,2023-10-18T18:18:44.971Z
tx06Fsy4Cswvyf74JG5G,Al ahly Égypte ,2023-09-19T09:59:15.028Z
tyDrfyLBBcV880yA5aV4,FCSB,2023-11-22T17:34:29.271Z
uOtxiPerqhFj7nroU1HZ,Raja Casablanca ,2023-10-24T14:37:28.760Z
uRcvcpexQMjQcanF5RLf,Kac ,2023-11-18T16:13:15.732Z
uSf5MzhNA2RcLn9XZnaW,Brésil,2023-09-14T15:55:05.043Z
uW6fXegvOglR9f0MdSEk,Al ittihad,2023-09-07T18:04:08.213Z
ubDglkJZaTubc0tkIRwz,As FAR,2023-11-17T21:27:06.027Z
uhVEZvYIxKmazg9kuNZ7,Al-hilal,2023-09-11T14:24:03.654Z
v3clwsjgcVY1ThYhWZLt,Senegal,2023-12-03T00:12:14.899Z
vKFXsd9oBQOIV4OQAwAz,FAR,2023-11-21T12:11:33.252Z
vVG4eh47JOqSOpI20iEg,Raja Casablanca,2023-09-06T13:51:18.367Z
vjLEW36ukYPQkNpdONay,Cameroun ,2023-09-17T10:05:33.916Z
w2qKG9ERl0UbwP6eNQZa,Grenoble Foot 38,2023-12-06T09:19:23.953Z
wpNdvo0Bry0V9g2FhiJc,espérance sportive de tunisie,2023-09-15T15:01:49.190Z
x5XBQ5CCJ3S2lJ0fveS3,Entente ,2023-10-09T12:26:58.013Z
x6EYZew5JNAE2IwQIKRK,USMA d'Alger,2023-09-27T17:25:53.502Z
xPiKEHdaJ4lJdtkaJBA9,Wydad,2023-10-17T21:06:16.109Z
xYGYiJ4CzO4hHjI92CbZ,Raja Casablanca,2024-01-01T14:16:47.566Z
xl0PXVufQyIWqaGLn9OX,Far Rabat ,2023-10-14T10:04:16.082Z
xuFdd7Ovlg6sCX7drua9,Etoile du Sahel,2023-09-10T20:59:03.403Z
xvs2D0djmJFtEW2D58il,Choisy le roi ,2023-08-28T11:31:47.510Z
xwhOle0xYYTpOWpIrbmM,Chievo verone ,2023-11-04T19:47:56.136Z
y01zHZjV3LxSSXctJNhj,Asec mimosas,2023-09-03T10:23:22.235Z
y7bbyUbkAoVYNF61d71x,Wided Casablanca ,2023-11-25T00:25:37.788Z
yVb7s6d4if9VoLmOIQWg,Wydad athletic club,2023-10-29T13:36:14.020Z
yfNEpPqhuXhmdGDmdd74,🇩🇿,2023-10-29T11:09:09.224Z
yi4yu8qcH5AyWFwtPunY,OCS,2023-10-06T14:55:31.336Z
yoXNm6THQOPxrPZWPh9x,Wydad,2023-09-22T20:18:08.925Z
z7H8hGmdQYWPOtKBw2Tk,Bordeaux ,2023-11-03T14:42:56.089Z
zCeoFz4LijWCFu55CY3T,,2023-12-03T18:51:49.106Z
zmhVVuVjguNIgKUj84Gt,Al Nasser,2023-09-18T23:07:11.805Z
