DOC_ID,CENTRE,STATUS,TYPE,PLACE_ID,LOCATION,DATE,DURATION,PRICE,VISIBILITY,GOLD_EXCLUSIVE,MOOD,LEVEL,ORGANIZER,ATTENDEES,MAX_PLAYERS,GOOD_PLAYERS,LATE_PLAYERS,NO_SHOW_PLAYERS,RUDE_PLAYERS,INTERESTED
L7ArC6Y8kHMt5Ttd371m,Stadium Thiais,hidden,pro,,48.7511024&2.3713455,2024-03-08T16:30:00.000Z,60,10,public,false,,,psf3NmXEPwdCltHKJC7VuvJocrF3,0,10,0,0,0,0,0
mRthAKLV7ROxn6ftInSp,FIVE ARENA MEAUX ,published,pro,,48.9539465&2.9154573,2024-03-08T19:30:00.000Z,90,10,public,false,,,4K6djqUyJdTgGF3Q7nh7CXQHqVh1,4,10,0,0,0,0,1
7c1NCmgsO9qj4WOeesRf,Stadium Thiais,hidden,pro,,48.7511024&2.3713455,2024-03-08T21:00:00.000Z,90,14,public,false,,,psf3NmXEPwdCltHKJC7VuvJocrF3,0,10,0,0,0,0,0
js0diTE9z71v5DVx0e6s,LE FIVE Marville - La Courneuve,published,pro,,48.9361223&2.3872592,2024-03-09T08:10:00.000Z,60,10,public,false,,,1GfAHFfqO6dOj37bPrTRuDS5gnk1,0,10,0,0,0,0,0
iXDbgFDbXlxmheDbrhT0,Stadium Thiais,published,pro,,48.7511024&2.3713455,2024-03-09T09:30:00.000Z,90,12,public,false,,,psf3NmXEPwdCltHKJC7VuvJocrF3,0,10,0,0,0,0,0
GTXOifX01ycvlI0sJtZg,Stadium Antibes,published,pro,,43.6121609&7.122323,2024-03-09T15:00:00.000Z,60,10,public,false,,,w5VZiCXqSxQ40riMnKYLO11xmeJ2,0,10,0,0,0,0,0
JWbOaWeHzZAW7AJUCU45,LE FIVE Marville - La Courneuve,published,pro,,48.9361223&2.3872592,2024-03-10T08:00:00.000Z,60,10,public,false,,,1GfAHFfqO6dOj37bPrTRuDS5gnk1,0,10,0,0,0,0,0
MEgQ5s1sy39Yp4ymkFXi,Stadium Thiais,published,pro,,48.7511024&2.3713455,2024-03-10T10:30:00.000Z,90,15,public,false,,,psf3NmXEPwdCltHKJC7VuvJocrF3,0,12,0,0,0,0,0
k2HmK4f391iWIOSkeyzm,Stadium Antibes,published,pro,,43.6121609&7.122323,2024-03-11T11:30:00.000Z,60,7,public,false,,,w5VZiCXqSxQ40riMnKYLO11xmeJ2,0,10,0,0,0,0,0
A7Okjke7IYO7GMOihM3Q,Stadium Thiais,published,pro,,48.7511024&2.3713455,2024-03-11T16:00:00.000Z,60,8,public,false,,,psf3NmXEPwdCltHKJC7VuvJocrF3,0,10,0,0,0,0,0
IXmtLEbAZjbsL23YPt8t,LE FIVE Marville - La Courneuve,published,pro,,48.9361223&2.3872592,2024-03-11T16:00:00.000Z,60,7,public,false,,,1GfAHFfqO6dOj37bPrTRuDS5gnk1,0,10,0,0,0,0,0
YYU1C63GyuC7Vt62TKlx,Stadium Antibes,published,pro,,43.6121609&7.122323,2024-03-11T16:00:00.000Z,60,10,public,false,,,w5VZiCXqSxQ40riMnKYLO11xmeJ2,0,10,0,0,0,0,0
ggQEZGlZP1WOTQKYZ9UM,LE FIVE Paris 17,published,pro,,48.900032&2.3213449,2024-03-11T16:00:00.000Z,60,5,public,false,,,V6mqbc9C8FNa1RQlUupjeoqOsZL2,3,10,0,0,0,0,0
xNTibg64EHRc4Eeih3hV,LE FIVE Paris 18,published,pro,,48.8978522&2.3700234,2024-03-11T18:45:00.000Z,60,12,public,false,,,UQf33jQhVZhle917nO0h7D5qclV2,10,10,0,0,0,0,0
RC70niSuan3qfLE5wF6w,LE FIVE Marville - La Courneuve,published,pro,,48.9361223&2.3872592,2024-03-11T22:00:00.000Z,60,10,public,false,,,1GfAHFfqO6dOj37bPrTRuDS5gnk1,0,10,0,0,0,0,0
5XiyhWQfjJI0AjCBMctk,Foot-Max Argenteuil,published,pro,,48.9501632&2.2093946,2024-03-12T11:00:00.000Z,60,8,public,false,,,SuEnyPZ4TgNIkt1yap2yJ3ZHO6p1,0,10,0,0,0,0,0
vjm3S4BqWwPwrqjjerZV,Stadium Antibes,published,pro,,43.6121609&7.122323,2024-03-12T11:30:00.000Z,60,7,public,false,,,w5VZiCXqSxQ40riMnKYLO11xmeJ2,0,10,0,0,0,0,0
HPeqKcF7eFMivNgmsbg3,Testing Purposes,published,pro,,67.461524&-152.801377,2024-03-12T15:00:00.000Z,90,12,public,false,,,f2LrY7SAV3U1V9tUVAZfiMxA3uu1,0,10,0,0,0,0,0
6XnMacHgf2vprO9kDYSV,Stadium Antibes,published,pro,,43.6121609&7.122323,2024-03-12T16:00:00.000Z,60,10,public,false,,,w5VZiCXqSxQ40riMnKYLO11xmeJ2,1,10,0,0,0,0,0
Pek5UWBq4IjLOvrDO2et,LE FIVE Marville - La Courneuve,published,pro,,48.9361223&2.3872592,2024-03-12T16:00:00.000Z,60,7,public,false,,,1GfAHFfqO6dOj37bPrTRuDS5gnk1,0,10,0,0,0,0,0
jF46uDRiidESAKfsBM3z,Stadium Thiais,published,pro,,48.7511024&2.3713455,2024-03-12T16:00:00.000Z,60,8,public,false,,,psf3NmXEPwdCltHKJC7VuvJocrF3,0,10,0,0,0,0,0
zoZ5dqOP3M82NH2Fnxub,Stadium Thiais,published,pro,,48.7511024&2.3713455,2024-03-12T16:30:00.000Z,60,10,public,false,,,psf3NmXEPwdCltHKJC7VuvJocrF3,0,10,0,0,0,0,0
jDw25qS5s2OinQcicQc2,STADIUM FOOT 5 VILLAGE,published,pro,,43.269413&5.4260321,2024-03-12T17:00:00.000Z,60,10,public,false,,,fnjdH1TDJDcBVFnZjcSuXiImF7p2,0,10,0,0,0,0,0
hWjdtkLfXJiPr4ykko6Y,LE FIVE Marville - La Courneuve,published,pro,,48.9361223&2.3872592,2024-03-13T11:00:00.000Z,60,8,public,false,,,1GfAHFfqO6dOj37bPrTRuDS5gnk1,0,10,0,0,0,0,0
hyXChwVACZ1U783JZr1t,STADIUM FOOT 5 VILLAGE,published,pro,,43.269413&5.4260321,2024-03-13T11:00:00.000Z,60,10,public,false,,,fnjdH1TDJDcBVFnZjcSuXiImF7p2,0,10,0,0,0,0,0
TsLr54VVjlsjftiBxlaF,Stadium Thiais,published,pro,,48.7511024&2.3713455,2024-03-13T16:00:00.000Z,60,8,public,false,,,psf3NmXEPwdCltHKJC7VuvJocrF3,0,10,0,0,0,0,0
PmgN4nPZNz2dgaxRfmbJ,Stadium Thiais,published,pro,,48.7511024&2.3713455,2024-03-13T16:30:00.000Z,60,10,public,false,,,psf3NmXEPwdCltHKJC7VuvJocrF3,0,10,0,0,0,0,0
lzZiByHdBZegvrt702fl,STADIUM FOOT 5 VILLAGE,published,pro,,43.269413&5.4260321,2024-03-13T17:00:00.000Z,60,10,public,false,,,fnjdH1TDJDcBVFnZjcSuXiImF7p2,0,10,0,0,0,0,0
clkcVNNVlVNVRSWp1Pn5,STADIUM FOOT 5 VILLAGE,published,pro,,43.269413&5.4260321,2024-03-14T11:00:00.000Z,60,10,public,false,,,fnjdH1TDJDcBVFnZjcSuXiImF7p2,0,10,0,0,0,0,0
Hmwxxhqx045wll4aE1O9,Stadium Thiais,published,pro,,48.7511024&2.3713455,2024-03-14T16:30:00.000Z,60,10,public,false,,,psf3NmXEPwdCltHKJC7VuvJocrF3,0,10,0,0,0,0,0
OxM2iIpAariIDLoDK3CG,Testing Purposes,published,pro,,67.461524&-152.801377,2024-03-14T19:15:00.000Z,60,12,public,false,,,f2LrY7SAV3U1V9tUVAZfiMxA3uu1,0,10,0,0,0,0,0
gijaO3KbDlwwcmMu6uFa,Stadium Antibes,published,pro,,43.6121609&7.122323,2024-03-15T11:30:00.000Z,60,7,public,false,,,w5VZiCXqSxQ40riMnKYLO11xmeJ2,0,10,0,0,0,0,0
0zJqgJSYB4GHXCDM430W,LE FIVE Marville - La Courneuve,published,pro,,48.9361223&2.3872592,2024-03-15T16:00:00.000Z,60,7,public,false,,,1GfAHFfqO6dOj37bPrTRuDS5gnk1,0,10,0,0,0,0,0
Aa0yZqM7kmZw1JDtH8hQ,Stadium Thiais,published,pro,,48.7511024&2.3713455,2024-03-15T16:00:00.000Z,60,8,public,false,,,psf3NmXEPwdCltHKJC7VuvJocrF3,1,10,0,0,0,0,0
hVPoB6B9w1Ekip1pAaJZ,Top Ten,published,pro,,48.8729106&2.6840919,2024-03-15T16:00:00.000Z,90,5,public,false,,,i27253AGxOfXgYJK72sBnvUGuMk2,8,10,0,0,0,0,0
cAZMRa9ozsbcpW9GzFgh,Stadium Thiais,published,pro,,48.7511024&2.3713455,2024-03-15T16:30:00.000Z,60,10,public,false,,,psf3NmXEPwdCltHKJC7VuvJocrF3,0,10,0,0,0,0,0
PHBxe8NreZprecWtXkwv,STADIUM FOOT 5 VILLAGE,published,pro,,43.269413&5.4260321,2024-03-15T18:00:00.000Z,60,10,public,false,,,fnjdH1TDJDcBVFnZjcSuXiImF7p2,0,10,0,0,0,0,0
d8i8t4Gao6QhEGZt2J4D,FIVE ARENA MEAUX ,published,pro,,48.9539465&2.9154573,2024-03-15T19:30:00.000Z,90,10,public,false,,,4K6djqUyJdTgGF3Q7nh7CXQHqVh1,0,10,0,0,0,0,0
oA9oiK1OTel6lv0chVIx,LE FIVE Marville - La Courneuve,published,pro,,48.9361223&2.3872592,2024-03-16T08:10:00.000Z,60,10,public,false,,,1GfAHFfqO6dOj37bPrTRuDS5gnk1,0,10,0,0,0,0,0
hvC3P8L2EgLGAdiDaAR5,Stadium Antibes,published,pro,,43.6121609&7.122323,2024-03-16T15:00:00.000Z,60,10,public,false,,,w5VZiCXqSxQ40riMnKYLO11xmeJ2,0,10,0,0,0,0,0
3pzk5GjMAVcoPXEBaFEf,LE FIVE Paris 13,published,pro,,48.8181615&2.3658793,2024-03-16T21:00:00.000Z,60,10,public,false,,,FjSnzlRFFfhWVWQJGfIEwRc2ZMj2,0,10,0,0,0,0,0
9hyNF0CSI5C9cXglYN8C,LE FIVE Marville - La Courneuve,published,pro,,48.9361223&2.3872592,2024-03-17T08:00:00.000Z,60,10,public,false,,,1GfAHFfqO6dOj37bPrTRuDS5gnk1,0,10,0,0,0,0,0
VNocEw2obkkJBojhzFrJ,Stadium Thiais,published,pro,,48.7511024&2.3713455,2024-03-17T10:30:00.000Z,90,15,public,false,,,psf3NmXEPwdCltHKJC7VuvJocrF3,0,12,0,0,0,0,0
wMk9kTcfc6XgHouZy4Lk,Stadium Antibes,published,pro,,43.6121609&7.122323,2024-03-18T11:30:00.000Z,60,7,public,false,,,w5VZiCXqSxQ40riMnKYLO11xmeJ2,0,10,0,0,0,0,0
A3ocBZQhSvTFy2ncPLsh,LE FIVE Paris 17,published,pro,,48.900032&2.3213449,2024-03-18T16:00:00.000Z,60,5,public,false,,,V6mqbc9C8FNa1RQlUupjeoqOsZL2,0,10,0,0,0,0,0
QsJcnBVeTU59cwsJiwMn,Stadium Thiais,published,pro,,48.7511024&2.3713455,2024-03-18T16:00:00.000Z,60,8,public,false,,,psf3NmXEPwdCltHKJC7VuvJocrF3,0,10,0,0,0,0,0
lrggR3lmvAhnBBk2RpJ8,Stadium Antibes,published,pro,,43.6121609&7.122323,2024-03-18T16:00:00.000Z,60,10,public,false,,,w5VZiCXqSxQ40riMnKYLO11xmeJ2,0,10,0,0,0,0,0
sskPbc4dZ6MZ80mbRYXp,LE FIVE Marville - La Courneuve,published,pro,,48.9361223&2.3872592,2024-03-18T16:00:00.000Z,60,7,public,false,,,1GfAHFfqO6dOj37bPrTRuDS5gnk1,0,10,0,0,0,0,0
F2ZjlnBPKeymdQ8YK6aE,Stadium Thiais,published,pro,,48.7511024&2.3713455,2024-03-18T16:30:00.000Z,60,10,public,false,,,psf3NmXEPwdCltHKJC7VuvJocrF3,0,10,0,0,0,0,0
uTXr4OFRh5VTstwKTii0,LE FIVE Paris 18,published,pro,,48.8978522&2.3700234,2024-03-18T18:45:00.000Z,60,12,public,false,,,UQf33jQhVZhle917nO0h7D5qclV2,5,10,0,0,0,0,0
PQr9scOoyunGfASgkVCh,LE FIVE Marville - La Courneuve,published,pro,,48.9361223&2.3872592,2024-03-18T22:00:00.000Z,60,10,public,false,,,1GfAHFfqO6dOj37bPrTRuDS5gnk1,0,10,0,0,0,0,0
0YAo2lM8njK7g4JMbCCh,Kinshasa - Test,published,pro,,-4.3032527&15.310528,2024-03-19T04:00:00.000Z,60,12,public,false,,,zCvsukfMuuffsuPpSTQwb7MusMD2,0,10,0,0,0,0,0
qzBxSUiJBkfZb8loBhrG,Foot-Max Argenteuil,published,pro,,48.9501632&2.2093946,2024-03-19T11:00:00.000Z,60,8,public,false,,,SuEnyPZ4TgNIkt1yap2yJ3ZHO6p1,0,10,0,0,0,0,0
tZCv2qDLb0n5QrNp2AJM,Stadium Antibes,published,pro,,43.6121609&7.122323,2024-03-19T11:30:00.000Z,60,7,public,false,,,w5VZiCXqSxQ40riMnKYLO11xmeJ2,0,10,0,0,0,0,0
7GI4jRy3VSTpzRGUPc6K,Testing Purposes,published,pro,,67.461524&-152.801377,2024-03-19T15:00:00.000Z,90,12,public,false,,,f2LrY7SAV3U1V9tUVAZfiMxA3uu1,0,10,0,0,0,0,0
04CZXlaO6SgpKgjKxBsC,LE FIVE Marville - La Courneuve,published,pro,,48.9361223&2.3872592,2024-03-19T16:00:00.000Z,60,7,public,false,,,1GfAHFfqO6dOj37bPrTRuDS5gnk1,0,10,0,0,0,0,0
0dvQQhAwS5QZSC5wOfSb,Stadium Antibes,published,pro,,43.6121609&7.122323,2024-03-19T16:00:00.000Z,60,10,public,false,,,w5VZiCXqSxQ40riMnKYLO11xmeJ2,1,10,0,0,0,0,0
3U4FH6lUnlvFV32DzQCx,Stadium Thiais,published,pro,,48.7511024&2.3713455,2024-03-19T16:00:00.000Z,60,8,public,false,,,psf3NmXEPwdCltHKJC7VuvJocrF3,0,10,0,0,0,0,0
puDp4notCZB7gyYdVza0,Stadium Thiais,published,pro,,48.7511024&2.3713455,2024-03-19T16:30:00.000Z,60,10,public,false,,,psf3NmXEPwdCltHKJC7VuvJocrF3,0,10,0,0,0,0,0
bsHHoE8n87KYE0FGjuCr,STADIUM FOOT 5 VILLAGE,published,pro,,43.269413&5.4260321,2024-03-19T17:00:00.000Z,60,10,public,false,,,fnjdH1TDJDcBVFnZjcSuXiImF7p2,0,10,0,0,0,0,0
NzXwImqQ4YwDnXMly1zv,STADIUM FOOT 5 VILLAGE,published,pro,,43.269413&5.4260321,2024-03-20T11:00:00.000Z,60,10,public,false,,,fnjdH1TDJDcBVFnZjcSuXiImF7p2,0,10,0,0,0,0,0
aqH0ti8p73l9tkOBdL4v,LE FIVE Marville - La Courneuve,published,pro,,48.9361223&2.3872592,2024-03-20T11:00:00.000Z,60,8,public,false,,,1GfAHFfqO6dOj37bPrTRuDS5gnk1,0,10,0,0,0,0,0
RrRmeHI2Hz9BbKVn12tt,Stadium Thiais,published,pro,,48.7511024&2.3713455,2024-03-20T16:00:00.000Z,60,8,public,false,,,psf3NmXEPwdCltHKJC7VuvJocrF3,0,10,0,0,0,0,0
FWObDO3ACuJUYcDLQNJb,Stadium Thiais,published,pro,,48.7511024&2.3713455,2024-03-20T16:30:00.000Z,60,10,public,false,,,psf3NmXEPwdCltHKJC7VuvJocrF3,0,10,0,0,0,0,0
5baG1RPniGSdWUFIU1SZ,STADIUM FOOT 5 VILLAGE,published,pro,,43.269413&5.4260321,2024-03-20T17:00:00.000Z,60,10,public,false,,,fnjdH1TDJDcBVFnZjcSuXiImF7p2,0,10,0,0,0,0,0
qWWNtVvS5APcXcFvFZuk,STADIUM FOOT 5 VILLAGE,published,pro,,43.269413&5.4260321,2024-03-21T11:00:00.000Z,60,10,public,false,,,fnjdH1TDJDcBVFnZjcSuXiImF7p2,0,10,0,0,0,0,0
iqy1Ft7CUGtfEpWXEYvp,Stadium Thiais,published,pro,,48.7511024&2.3713455,2024-03-21T16:30:00.000Z,60,10,public,false,,,psf3NmXEPwdCltHKJC7VuvJocrF3,0,10,0,0,0,0,0
611j9Pp6hIqmTB3SeHw2,Testing Purposes,published,pro,,67.461524&-152.801377,2024-03-21T19:15:00.000Z,60,12,public,false,,,f2LrY7SAV3U1V9tUVAZfiMxA3uu1,0,10,0,0,0,0,0
gNiMkX0v7lpOSVfajPLT,Stadium Antibes,published,pro,,43.6121609&7.122323,2024-03-22T11:30:00.000Z,60,7,public,false,,,w5VZiCXqSxQ40riMnKYLO11xmeJ2,0,10,0,0,0,0,0
5SYzW8jCZilGwmjxIcOG,Stadium Thiais,published,pro,,48.7511024&2.3713455,2024-03-22T16:00:00.000Z,60,8,public,false,,,psf3NmXEPwdCltHKJC7VuvJocrF3,0,10,0,0,0,0,0
acnbWWVJIjzUQT7E8Oaf,Top Ten,published,pro,,48.8729106&2.6840919,2024-03-22T16:00:00.000Z,90,5,public,false,,,i27253AGxOfXgYJK72sBnvUGuMk2,6,10,0,0,0,0,0
wmCOg5uvEwWW0miTAuki,LE FIVE Marville - La Courneuve,published,pro,,48.9361223&2.3872592,2024-03-22T16:00:00.000Z,60,7,public,false,,,1GfAHFfqO6dOj37bPrTRuDS5gnk1,0,10,0,0,0,0,0
HvXYvgiE9Qd18TchieGj,Stadium Thiais,published,pro,,48.7511024&2.3713455,2024-03-22T16:30:00.000Z,60,10,public,false,,,psf3NmXEPwdCltHKJC7VuvJocrF3,0,10,0,0,0,0,0
9lxDEydzvJESLQf1T7LQ,STADIUM FOOT 5 VILLAGE,published,pro,,43.269413&5.4260321,2024-03-22T18:00:00.000Z,60,10,public,false,,,fnjdH1TDJDcBVFnZjcSuXiImF7p2,0,10,0,0,0,0,0
K10LoIGjuW4oZEQnzRuG,FIVE ARENA MEAUX ,published,pro,,48.9539465&2.9154573,2024-03-22T19:30:00.000Z,90,10,public,false,,,4K6djqUyJdTgGF3Q7nh7CXQHqVh1,0,10,0,0,0,0,0
EY7FWLeh1iMAGkp2mxxS,LE FIVE Marville - La Courneuve,published,pro,,48.9361223&2.3872592,2024-03-23T08:10:00.000Z,60,10,public,false,,,1GfAHFfqO6dOj37bPrTRuDS5gnk1,0,10,0,0,0,0,0
sYNAMHEW4QYDAiNJzJZZ,Stadium Antibes,published,pro,,43.6121609&7.122323,2024-03-23T15:00:00.000Z,60,10,public,false,,,w5VZiCXqSxQ40riMnKYLO11xmeJ2,1,10,0,0,0,0,0
8kib1vbLtl0RxZEC0oRa,LE FIVE Paris 13,published,pro,,48.8181615&2.3658793,2024-03-23T21:00:00.000Z,60,10,public,false,,,FjSnzlRFFfhWVWQJGfIEwRc2ZMj2,0,10,0,0,0,0,0
mPW4VMVV3HAVKsWkPRqU,LE FIVE Marville - La Courneuve,published,pro,,48.9361223&2.3872592,2024-03-24T08:00:00.000Z,60,10,public,false,,,1GfAHFfqO6dOj37bPrTRuDS5gnk1,0,10,0,0,0,0,0
kI8SN506Qf4TqIi658ML,Stadium Thiais,published,pro,,48.7511024&2.3713455,2024-03-24T10:30:00.000Z,90,15,public,false,,,psf3NmXEPwdCltHKJC7VuvJocrF3,0,12,0,0,0,0,0
e5BiNYRAKzxfee11KvGC,Stadium Antibes,published,pro,,43.6121609&7.122323,2024-03-25T11:30:00.000Z,60,7,public,false,,,w5VZiCXqSxQ40riMnKYLO11xmeJ2,0,10,0,0,0,0,0
RgSDCjKfT8Co5IO6n3Ki,Stadium Antibes,published,pro,,43.6121609&7.122323,2024-03-25T16:00:00.000Z,60,10,public,false,,,w5VZiCXqSxQ40riMnKYLO11xmeJ2,1,10,0,0,0,0,0
briL7lJXNO8mPRHJl11Q,LE FIVE Paris 17,published,pro,,48.900032&2.3213449,2024-03-25T16:00:00.000Z,60,5,public,false,,,V6mqbc9C8FNa1RQlUupjeoqOsZL2,0,10,0,0,0,0,0
dJxJju9AubGdHPfIBm2m,LE FIVE Marville - La Courneuve,published,pro,,48.9361223&2.3872592,2024-03-25T16:00:00.000Z,60,7,public,false,,,1GfAHFfqO6dOj37bPrTRuDS5gnk1,0,10,0,0,0,0,0
w1S3iWyqwKLQbYWxMhON,Stadium Thiais,published,pro,,48.7511024&2.3713455,2024-03-25T16:00:00.000Z,60,8,public,false,,,psf3NmXEPwdCltHKJC7VuvJocrF3,0,10,0,0,0,0,0
r56XbfveCyqDwbmVq5oq,Stadium Thiais,published,pro,,48.7511024&2.3713455,2024-03-25T16:30:00.000Z,60,10,public,false,,,psf3NmXEPwdCltHKJC7VuvJocrF3,0,10,0,0,0,0,0
2FXSHjO3FJzb5WWKaaAg,LE FIVE Paris 18,published,pro,,48.8978522&2.3700234,2024-03-25T18:45:00.000Z,60,12,public,false,,,UQf33jQhVZhle917nO0h7D5qclV2,0,10,0,0,0,0,0
1ZZ63RVzkaPlMiNSj9ll,LE FIVE Marville - La Courneuve,published,pro,,48.9361223&2.3872592,2024-03-25T22:00:00.000Z,60,10,public,false,,,1GfAHFfqO6dOj37bPrTRuDS5gnk1,0,10,0,0,0,0,0
IZHmWuPxuBFbES6cAGeL,Kinshasa - Test,published,pro,,-4.3032527&15.310528,2024-03-26T04:00:00.000Z,60,12,public,false,,,zCvsukfMuuffsuPpSTQwb7MusMD2,0,10,0,0,0,0,0
A2Gp1klVzE6CN34qhgxL,Foot-Max Argenteuil,published,pro,,48.9501632&2.2093946,2024-03-26T11:00:00.000Z,60,8,public,false,,,SuEnyPZ4TgNIkt1yap2yJ3ZHO6p1,0,10,0,0,0,0,0
51i0yReb2sn1553Ed2d1,Stadium Antibes,published,pro,,43.6121609&7.122323,2024-03-26T11:30:00.000Z,60,7,public,false,,,w5VZiCXqSxQ40riMnKYLO11xmeJ2,0,10,0,0,0,0,0
fg964gqy0SsETRsO63sq,Testing Purposes,published,pro,,67.461524&-152.801377,2024-03-26T15:00:00.000Z,90,12,public,false,,,f2LrY7SAV3U1V9tUVAZfiMxA3uu1,0,10,0,0,0,0,0
Dw3BvykC5gIzdaoqWJym,Stadium Antibes,published,pro,,43.6121609&7.122323,2024-03-26T16:00:00.000Z,60,10,public,false,,,w5VZiCXqSxQ40riMnKYLO11xmeJ2,0,10,0,0,0,0,0
YRXXSUMOowbvfcTRbnHB,Stadium Thiais,published,pro,,48.7511024&2.3713455,2024-03-26T16:00:00.000Z,60,8,public,false,,,psf3NmXEPwdCltHKJC7VuvJocrF3,0,10,0,0,0,0,0
l7joMgbJwGRjcvfjqfuy,LE FIVE Marville - La Courneuve,published,pro,,48.9361223&2.3872592,2024-03-26T16:00:00.000Z,60,7,public,false,,,1GfAHFfqO6dOj37bPrTRuDS5gnk1,0,10,0,0,0,0,0
tkW9SpHGxlB5nmlnMty9,Stadium Thiais,published,pro,,48.7511024&2.3713455,2024-03-26T16:30:00.000Z,60,10,public,false,,,psf3NmXEPwdCltHKJC7VuvJocrF3,0,10,0,0,0,0,0
PSsFjzu0Fkf7cqgckqrh,STADIUM FOOT 5 VILLAGE,published,pro,,43.269413&5.4260321,2024-03-26T17:00:00.000Z,60,10,public,false,,,fnjdH1TDJDcBVFnZjcSuXiImF7p2,0,10,0,0,0,0,0
ko4wrVo3RQrH8aEPOMEU,LE FIVE Marville - La Courneuve,published,pro,,48.9361223&2.3872592,2024-03-27T11:00:00.000Z,60,8,public,false,,,1GfAHFfqO6dOj37bPrTRuDS5gnk1,0,10,0,0,0,0,0
rUAWMuXmisNBHLpVdCJX,STADIUM FOOT 5 VILLAGE,published,pro,,43.269413&5.4260321,2024-03-27T11:00:00.000Z,60,10,public,false,,,fnjdH1TDJDcBVFnZjcSuXiImF7p2,0,10,0,0,0,0,0
ShZL9uujYZKKK1qzbwGm,Stadium Thiais,published,pro,,48.7511024&2.3713455,2024-03-27T16:00:00.000Z,60,8,public,false,,,psf3NmXEPwdCltHKJC7VuvJocrF3,0,10,0,0,0,0,0
YML0mBPj6lx5yLduUvkB,Stadium Thiais,published,pro,,48.7511024&2.3713455,2024-03-27T16:30:00.000Z,60,10,public,false,,,psf3NmXEPwdCltHKJC7VuvJocrF3,0,10,0,0,0,0,0
j3wuERHGHfG6UqoVa08S,STADIUM FOOT 5 VILLAGE,published,pro,,43.269413&5.4260321,2024-03-27T17:00:00.000Z,60,10,public,false,,,fnjdH1TDJDcBVFnZjcSuXiImF7p2,0,10,0,0,0,0,0
HysPifcRCea1LLDoI5uv,STADIUM FOOT 5 VILLAGE,published,pro,,43.269413&5.4260321,2024-03-28T11:00:00.000Z,60,10,public,false,,,fnjdH1TDJDcBVFnZjcSuXiImF7p2,0,10,0,0,0,0,0
21ceJZVAF1WM0uZJWZQ8,Stadium Thiais,published,pro,,48.7511024&2.3713455,2024-03-28T16:30:00.000Z,60,10,public,false,,,psf3NmXEPwdCltHKJC7VuvJocrF3,0,10,0,0,0,0,0
A2tPk13ayckoKR7AdThY,Testing Purposes,published,pro,,67.461524&-152.801377,2024-03-28T19:15:00.000Z,60,12,public,false,,,f2LrY7SAV3U1V9tUVAZfiMxA3uu1,0,10,0,0,0,0,0
fVI17wiy8WSUjlXnA3Ra,Stadium Antibes,published,pro,,43.6121609&7.122323,2024-03-29T11:30:00.000Z,60,7,public,false,,,w5VZiCXqSxQ40riMnKYLO11xmeJ2,0,10,0,0,0,0,0
MWemOoYe8tNpdKEGMiAr,Stadium Thiais,published,pro,,48.7511024&2.3713455,2024-03-29T16:00:00.000Z,60,8,public,false,,,psf3NmXEPwdCltHKJC7VuvJocrF3,0,10,0,0,0,0,0
YL5gsZ1oNOopZpsBpbSn,LE FIVE Marville - La Courneuve,published,pro,,48.9361223&2.3872592,2024-03-29T16:00:00.000Z,60,7,public,false,,,1GfAHFfqO6dOj37bPrTRuDS5gnk1,0,10,0,0,0,0,0
Ze4xeDKHU4cBdd8fEQ32,Top Ten,published,pro,,48.8729106&2.6840919,2024-03-29T16:00:00.000Z,90,5,public,false,,,i27253AGxOfXgYJK72sBnvUGuMk2,3,10,0,0,0,0,0
ZUDi7jCQKXemV6ElRnc9,Stadium Thiais,published,pro,,48.7511024&2.3713455,2024-03-29T16:30:00.000Z,60,10,public,false,,,psf3NmXEPwdCltHKJC7VuvJocrF3,0,10,0,0,0,0,0
6CrWkoVck3QkG15yJlrD,STADIUM FOOT 5 VILLAGE,published,pro,,43.269413&5.4260321,2024-03-29T18:00:00.000Z,60,10,public,false,,,fnjdH1TDJDcBVFnZjcSuXiImF7p2,0,10,0,0,0,0,0
2GqI9JD5IkQXt8cqZc2F,FIVE ARENA MEAUX ,published,pro,,48.9539465&2.9154573,2024-03-29T19:30:00.000Z,90,10,public,false,,,4K6djqUyJdTgGF3Q7nh7CXQHqVh1,0,10,0,0,0,0,0
TWv32sidaeA3XPtikTWE,LE FIVE Marville - La Courneuve,published,pro,,48.9361223&2.3872592,2024-03-30T08:10:00.000Z,60,10,public,false,,,1GfAHFfqO6dOj37bPrTRuDS5gnk1,0,10,0,0,0,0,0
WdvUqNEDCxENFZSJB6rG,Stadium Antibes,published,pro,,43.6121609&7.122323,2024-03-30T15:00:00.000Z,60,10,public,false,,,w5VZiCXqSxQ40riMnKYLO11xmeJ2,0,10,0,0,0,0,0
IjY4NfdNzjEXtIelWnuI,LE FIVE Paris 13,published,pro,,48.8181615&2.3658793,2024-03-30T21:00:00.000Z,60,10,public,false,,,FjSnzlRFFfhWVWQJGfIEwRc2ZMj2,0,10,0,0,0,0,0
Rr5SIy2MCwmhMZc7eTjq,LE FIVE Marville - La Courneuve,published,pro,,48.9361223&2.3872592,2024-03-31T07:00:00.000Z,60,10,public,false,,,1GfAHFfqO6dOj37bPrTRuDS5gnk1,0,10,0,0,0,0,0
DEOVWPn5oW5ftnqKCQP6,Stadium Thiais,published,pro,,48.7511024&2.3713455,2024-03-31T09:30:00.000Z,90,15,public,false,,,psf3NmXEPwdCltHKJC7VuvJocrF3,0,12,0,0,0,0,0
0XGSL2CrXzvta8g8wFJE,Stadium Thiais,published,pro,,48.7511024&2.3713455,2024-04-01T10:00:00.000Z,60,7,public,false,,,psf3NmXEPwdCltHKJC7VuvJocrF3,0,10,0,0,0,0,0
WFJxw8Xf40RkTdxi3I94,LE FIVE Montreuil,published,pro,,48.8613036&2.4653095,2024-04-01T10:00:00.000Z,60,7,public,false,,,u9uC1vjdcdQ3UqNxI0SiFxor0m43,0,10,0,0,0,0,0
oKoISs0p61aR1fr3XcAy,Top Ten,published,pro,,48.8729106&2.6840919,2024-04-01T10:00:00.000Z,90,5,public,false,,,i27253AGxOfXgYJK72sBnvUGuMk2,0,10,0,0,0,0,0
4OcxsPDiaOufUp4Ol26K,Stadium Antibes,published,pro,,43.6121609&7.122323,2024-04-01T10:30:00.000Z,60,7,public,false,,,w5VZiCXqSxQ40riMnKYLO11xmeJ2,0,10,0,0,0,0,0
AFnUYsQlCjTy0oR0h8gT,Stadium Thiais,published,pro,,48.7511024&2.3713455,2024-04-01T13:00:00.000Z,90,8,public,false,,,psf3NmXEPwdCltHKJC7VuvJocrF3,0,10,0,0,0,0,0
A9P4utEu4N5FE1xLAJIx,Stadium Thiais,published,pro,,48.7511024&2.3713455,2024-04-01T14:00:00.000Z,90,10,public,false,,,psf3NmXEPwdCltHKJC7VuvJocrF3,0,10,0,0,0,0,0
4LTSJA6xOzKRLjvblgFj,LE FIVE Paris 18,published,pro,,48.8978522&2.3700234,2024-04-01T15:00:00.000Z,60,5,public,false,,,UQf33jQhVZhle917nO0h7D5qclV2,0,10,0,0,0,0,0
Cgs1iFuodkEiayadyFZx,LE FIVE Créteil,published,pro,,48.7643086&2.4706522,2024-04-01T15:00:00.000Z,60,7,public,false,,,ZmXMWx7aTdPoPkkGOWa2HIQVblq2,0,10,0,0,0,0,0
F1ApyAoVfmcLKLzimzX8,Top Ten,published,pro,,48.8729106&2.6840919,2024-04-01T15:00:00.000Z,90,5,public,false,,,i27253AGxOfXgYJK72sBnvUGuMk2,0,10,0,0,0,0,0
KMPYTELqQr6tPWhY0QfB,LE FIVE Paris 17,published,pro,,48.900032&2.3213449,2024-04-01T15:00:00.000Z,60,5,public,false,,,V6mqbc9C8FNa1RQlUupjeoqOsZL2,1,10,0,0,0,0,0
X0GQPpnplCADKSA3kh4J,Stadium Antibes,published,pro,,43.6121609&7.122323,2024-04-01T15:00:00.000Z,60,10,public,false,,,w5VZiCXqSxQ40riMnKYLO11xmeJ2,0,10,0,0,0,0,0
XIjhd5b0XaMxPaTJEenv,Top Ten,published,pro,,48.8729106&2.6840919,2024-04-01T15:00:00.000Z,90,5,public,false,,,i27253AGxOfXgYJK72sBnvUGuMk2,0,10,0,0,0,0,0
kJoT9PqaqwzXDqL0YTeg,Stadium Thiais,published,pro,,48.7511024&2.3713455,2024-04-01T15:00:00.000Z,60,8,public,false,,,psf3NmXEPwdCltHKJC7VuvJocrF3,0,10,0,0,0,0,0
t2XgxFcnT9ncsyr5o6Kd,LE FIVE Marville - La Courneuve,published,pro,,48.9361223&2.3872592,2024-04-01T15:00:00.000Z,60,7,public,false,,,1GfAHFfqO6dOj37bPrTRuDS5gnk1,0,10,0,0,0,0,0
uAuktDasEiExccMAwyIb,LE FIVE Montreuil,published,pro,,48.8613036&2.4653095,2024-04-01T15:00:00.000Z,90,11,public,false,,,u9uC1vjdcdQ3UqNxI0SiFxor0m43,0,10,0,0,0,0,0
1vnIVu0TF97CiEhJV4R4,Stadium Thiais,published,pro,,48.7511024&2.3713455,2024-04-01T15:30:00.000Z,90,10,public,false,,,psf3NmXEPwdCltHKJC7VuvJocrF3,0,10,0,0,0,0,0
Vpzore4kHjZLKSwVk5eP,Stadium Thiais,published,pro,,48.7511024&2.3713455,2024-04-01T15:30:00.000Z,60,10,public,false,,,psf3NmXEPwdCltHKJC7VuvJocrF3,0,10,0,0,0,0,0
FeRWJCe6LQgi8lS7PgTB,LE FIVE Bezons,published,pro,,48.91909&2.2093051,2024-04-01T16:00:00.000Z,60,7,public,false,,,U3MriTZbPbTUEsU6RtRuHxDMKvg2,0,10,0,0,0,0,0
IHEg5x71u8Mv3GJP0dub,Stadium Thiais,published,pro,,48.7511024&2.3713455,2024-04-01T17:00:00.000Z,90,15,public,false,,,psf3NmXEPwdCltHKJC7VuvJocrF3,0,10,0,0,0,0,0
ME0dDQInBkbb9YN1JCR0,LE FIVE Paris 18,published,pro,,48.8978522&2.3700234,2024-04-01T17:45:00.000Z,60,12,public,false,,,UQf33jQhVZhle917nO0h7D5qclV2,0,10,0,0,0,0,0
AFcMZR4yysuKwmBD3taL,Stadium Thiais,published,pro,,48.7511024&2.3713455,2024-04-01T20:00:00.000Z,90,14,public,false,,,psf3NmXEPwdCltHKJC7VuvJocrF3,0,10,0,0,0,0,0
SaRby6TpscGrK5sPK1dN,LE FIVE Bezons,published,pro,,48.91909&2.2093051,2024-04-01T20:00:00.000Z,90,14,public,false,,,U3MriTZbPbTUEsU6RtRuHxDMKvg2,0,10,0,0,0,0,0
qXNAuLVXVAy0cgNyClz8,LE FIVE Paris 18,published,pro,,48.8978522&2.3700234,2024-04-01T20:20:00.000Z,90,10,public,false,,,UQf33jQhVZhle917nO0h7D5qclV2,0,10,0,0,0,0,0
tIPPv4yeUBbMZ8ZnWEAM,Top Ten,published,pro,,48.8729106&2.6840919,2024-04-01T20:30:00.000Z,90,16.5,public,false,,,i27253AGxOfXgYJK72sBnvUGuMk2,0,10,0,0,0,0,0
PCijR2k682C61Jxope0n,LE FIVE Marville - La Courneuve,published,pro,,48.9361223&2.3872592,2024-04-01T21:00:00.000Z,60,10,public,false,,,1GfAHFfqO6dOj37bPrTRuDS5gnk1,0,10,0,0,0,0,0
QrqiR4z6UGVzUOYv2KVY,LE FIVE Montreuil,published,pro,,48.8613036&2.4653095,2024-04-01T21:00:00.000Z,60,8,public,false,,,u9uC1vjdcdQ3UqNxI0SiFxor0m43,0,10,0,0,0,0,0
RvqWa5fnRDSoPI4uzSTi,LE FIVE Montreuil,published,pro,,48.8613036&2.4653095,2024-04-01T21:00:00.000Z,60,8,public,false,,,u9uC1vjdcdQ3UqNxI0SiFxor0m43,0,10,0,0,0,0,0
s4IcxSplZH7bE0nfM9P4,Top Ten,published,pro,,48.8729106&2.6840919,2024-04-01T21:00:00.000Z,90,16.5,public,false,,,i27253AGxOfXgYJK72sBnvUGuMk2,0,10,0,0,0,0,0
sBL1B64gOTcrKlN9UVXF,LE FIVE Paris 13,published,pro,,48.8181615&2.3658793,2024-04-01T21:00:00.000Z,60,10,public,false,,,FjSnzlRFFfhWVWQJGfIEwRc2ZMj2,0,10,0,0,0,0,0
3Jcbgyw4yHxCDxPV57AQ,Kinshasa - Test,published,pro,,-4.3032527&15.310528,2024-04-02T03:00:00.000Z,60,12,public,false,,,zCvsukfMuuffsuPpSTQwb7MusMD2,0,10,0,0,0,0,0
Sgq7djYq3x3t0TgKQT0s,LE FIVE Montreuil,published,pro,,48.8613036&2.4653095,2024-04-02T08:00:00.000Z,60,7,public,false,,,u9uC1vjdcdQ3UqNxI0SiFxor0m43,0,10,0,0,0,0,0
HDUXftU6Jfoay3JwutpS,Stadium Thiais,published,pro,,48.7511024&2.3713455,2024-04-02T10:00:00.000Z,60,7,public,false,,,psf3NmXEPwdCltHKJC7VuvJocrF3,0,10,0,0,0,0,0
IfHj5itJw533QLt2pyVA,Foot-Max Argenteuil,published,pro,,48.9501632&2.2093946,2024-04-02T10:00:00.000Z,60,8,public,false,,,SuEnyPZ4TgNIkt1yap2yJ3ZHO6p1,0,10,0,0,0,0,0
iEaZcFWpzEGKX7vYFumm,Top Ten,published,pro,,48.8729106&2.6840919,2024-04-02T10:00:00.000Z,90,5,public,false,,,i27253AGxOfXgYJK72sBnvUGuMk2,0,10,0,0,0,0,0
dVjwdXVqZ53Ol4SgDp0J,Stadium Antibes,published,pro,,43.6121609&7.122323,2024-04-02T10:30:00.000Z,60,7,public,false,,,w5VZiCXqSxQ40riMnKYLO11xmeJ2,0,10,0,0,0,0,0
D69zu7PYIjbRlKcHI69o,LE FIVE Montreuil,published,pro,,48.8613036&2.4653095,2024-04-02T11:00:00.000Z,60,7,public,false,,,u9uC1vjdcdQ3UqNxI0SiFxor0m43,0,10,0,0,0,0,0
nhcfbDImw9gZYbnLOB51,Stadium Thiais,published,pro,,48.7511024&2.3713455,2024-04-02T13:00:00.000Z,90,8,public,false,,,psf3NmXEPwdCltHKJC7VuvJocrF3,0,10,0,0,0,0,0
PZrHsqztJoirtPR4LI32,Testing Purposes,published,pro,,67.461524&-152.801377,2024-04-02T14:00:00.000Z,90,12,public,false,,,f2LrY7SAV3U1V9tUVAZfiMxA3uu1,0,10,0,0,0,0,0
ZbJVDpbSKiSW5pwbBPsk,Stadium Thiais,published,pro,,48.7511024&2.3713455,2024-04-02T14:00:00.000Z,90,8,public,false,,,psf3NmXEPwdCltHKJC7VuvJocrF3,0,10,0,0,0,0,0
Ca5iyjvyTutc7x289XG7,LE FIVE Montreuil,published,pro,,48.8613036&2.4653095,2024-04-02T15:00:00.000Z,60,7,public,false,,,u9uC1vjdcdQ3UqNxI0SiFxor0m43,0,10,0,0,0,0,0
FpSCbEXvJPjP5rEO1shx,Top Ten,published,pro,,48.8729106&2.6840919,2024-04-02T15:00:00.000Z,90,5,public,false,,,i27253AGxOfXgYJK72sBnvUGuMk2,0,10,0,0,0,0,0
Uo6lhUktEsZOjKZjabML,LE FIVE Créteil,published,pro,,48.7643086&2.4706522,2024-04-02T15:00:00.000Z,60,7,public,false,,,ZmXMWx7aTdPoPkkGOWa2HIQVblq2,0,10,0,0,0,0,0
Zbc3I1OfJnKG5CE4AoGx,LE FIVE Marville - La Courneuve,published,pro,,48.9361223&2.3872592,2024-04-02T15:00:00.000Z,60,7,public,false,,,1GfAHFfqO6dOj37bPrTRuDS5gnk1,0,10,0,0,0,0,0
aExWlwy1cYPgHmbbmF5L,LE FIVE Paris 18,published,pro,,48.8978522&2.3700234,2024-04-02T15:00:00.000Z,60,5,public,false,,,UQf33jQhVZhle917nO0h7D5qclV2,0,10,0,0,0,0,0
blfyDZDjvHJuurUO0hz0,LE FIVE Champigny,published,pro,,48.8194084&2.5251846,2024-04-02T15:00:00.000Z,60,7,public,false,,,evlV9mUgATYQ5343zpYZvk4w0r03,0,10,0,0,0,0,0
ekLhIJgUQ2dvcOZgrdz3,Stadium Antibes,published,pro,,43.6121609&7.122323,2024-04-02T15:00:00.000Z,60,10,public,false,,,w5VZiCXqSxQ40riMnKYLO11xmeJ2,0,10,0,0,0,0,0
pimFPrYjy7t3xu5sI77M,LE FIVE Paris 17,published,pro,,48.900032&2.3213449,2024-04-02T15:00:00.000Z,60,5,public,false,,,V6mqbc9C8FNa1RQlUupjeoqOsZL2,0,10,0,0,0,0,0
rRfESYd839dN3a1NLxlY,Top Ten,published,pro,,48.8729106&2.6840919,2024-04-02T15:00:00.000Z,90,5,public,false,,,i27253AGxOfXgYJK72sBnvUGuMk2,0,10,0,0,0,0,0
v546dNMQd0LItDLpB8xx,Stadium Thiais,published,pro,,48.7511024&2.3713455,2024-04-02T15:00:00.000Z,60,8,public,false,,,psf3NmXEPwdCltHKJC7VuvJocrF3,0,10,0,0,0,0,0
nhtLSdbSBIjm2wvEakzH,Stadium Thiais,published,pro,,48.7511024&2.3713455,2024-04-02T15:30:00.000Z,60,10,public,false,,,psf3NmXEPwdCltHKJC7VuvJocrF3,0,10,0,0,0,0,0
wC7CN3BMTcS8bt6F2GdG,Stadium Thiais,published,pro,,48.7511024&2.3713455,2024-04-02T15:30:00.000Z,90,10,public,false,,,psf3NmXEPwdCltHKJC7VuvJocrF3,0,10,0,0,0,0,0
uGWCAFTQXXZBPCZ1kSUD,LE FIVE Bezons,published,pro,,48.91909&2.2093051,2024-04-02T16:00:00.000Z,60,7,public,false,,,U3MriTZbPbTUEsU6RtRuHxDMKvg2,0,10,0,0,0,0,0
wvDgpdectdolrU4jZT1o,STADIUM FOOT 5 VILLAGE,published,pro,,43.269413&5.4260321,2024-04-02T16:00:00.000Z,60,10,public,false,,,fnjdH1TDJDcBVFnZjcSuXiImF7p2,0,10,0,0,0,0,0
02yHNwvm27xqIsmA4RcI,Stadium Thiais,published,pro,,48.7511024&2.3713455,2024-04-02T17:00:00.000Z,90,15,public,false,,,psf3NmXEPwdCltHKJC7VuvJocrF3,0,10,0,0,0,0,0
SRwA2byVPM5V7l3jjwWh,Stadium Thiais,published,pro,,48.7511024&2.3713455,2024-04-02T20:00:00.000Z,90,14,public,false,,,psf3NmXEPwdCltHKJC7VuvJocrF3,0,10,0,0,0,0,0
xfdh8rxAHDL1dIEH1mrW,LE FIVE Bezons,published,pro,,48.91909&2.2093051,2024-04-02T20:00:00.000Z,90,14,public,false,,,U3MriTZbPbTUEsU6RtRuHxDMKvg2,0,10,0,0,0,0,0
73hNdpb2yI6ZylPubliU,LE FIVE Paris 18,published,pro,,48.8978522&2.3700234,2024-04-02T20:20:00.000Z,90,10,public,false,,,UQf33jQhVZhle917nO0h7D5qclV2,0,10,0,0,0,0,0
6KhEYJkGGbU6ChF2QGd4,LE FIVE Montreuil,published,pro,,48.8613036&2.4653095,2024-04-02T20:30:00.000Z,90,13.5,public,false,,,u9uC1vjdcdQ3UqNxI0SiFxor0m43,0,10,0,0,0,0,0
stJlpmuGmy41bOmijyil,Top Ten,published,pro,,48.8729106&2.6840919,2024-04-02T20:30:00.000Z,90,16.5,public,false,,,i27253AGxOfXgYJK72sBnvUGuMk2,0,10,0,0,0,0,0
6A6QiNhkjOeSYEH1RNgZ,LE FIVE Paris 13,published,pro,,48.8181615&2.3658793,2024-04-02T21:00:00.000Z,60,10,public,false,,,FjSnzlRFFfhWVWQJGfIEwRc2ZMj2,0,10,0,0,0,0,0
CA4Z4kFgpX7BrhtNpui8,Top Ten,published,pro,,48.8729106&2.6840919,2024-04-02T21:00:00.000Z,90,16.5,public,false,,,i27253AGxOfXgYJK72sBnvUGuMk2,0,10,0,0,0,0,0
px9pAkGfF7am126QdPyV,LE FIVE Montreuil,published,pro,,48.8613036&2.4653095,2024-04-03T08:00:00.000Z,90,10.5,public,false,,,u9uC1vjdcdQ3UqNxI0SiFxor0m43,0,10,0,0,0,0,0
3XUoUkV524AgkT3fqfl7,LE FIVE Montreuil,published,pro,,48.8613036&2.4653095,2024-04-03T10:00:00.000Z,90,10.5,public,false,,,u9uC1vjdcdQ3UqNxI0SiFxor0m43,0,10,0,0,0,0,0
42awMz1iRqJlCLvC5A2W,Top Ten,published,pro,,48.8729106&2.6840919,2024-04-03T10:00:00.000Z,90,5,public,false,,,i27253AGxOfXgYJK72sBnvUGuMk2,0,10,0,0,0,0,0
ejjuxcAjTrnH11B32Emm,Stadium Thiais,published,pro,,48.7511024&2.3713455,2024-04-03T10:00:00.000Z,60,7,public,false,,,psf3NmXEPwdCltHKJC7VuvJocrF3,0,10,0,0,0,0,0
gae1K0tmLDg0CnkK7Lmi,LE FIVE Marville - La Courneuve,published,pro,,48.9361223&2.3872592,2024-04-03T10:00:00.000Z,60,8,public,false,,,1GfAHFfqO6dOj37bPrTRuDS5gnk1,0,10,0,0,0,0,0
zFE7UjBPIYmmyLAXrrMk,STADIUM FOOT 5 VILLAGE,published,pro,,43.269413&5.4260321,2024-04-03T10:00:00.000Z,60,10,public,false,,,fnjdH1TDJDcBVFnZjcSuXiImF7p2,0,10,0,0,0,0,0
hN1m1OobuyjYxPOSqyPz,Stadium Thiais,published,pro,,48.7511024&2.3713455,2024-04-03T13:00:00.000Z,90,8,public,false,,,psf3NmXEPwdCltHKJC7VuvJocrF3,0,10,0,0,0,0,0
TJ1ONvqd5rooYCaegjc1,Stadium Thiais,published,pro,,48.7511024&2.3713455,2024-04-03T14:00:00.000Z,90,8,public,false,,,psf3NmXEPwdCltHKJC7VuvJocrF3,0,10,0,0,0,0,0
HPk1cI9D479l1t06qsCC,LE FIVE Créteil,published,pro,,48.7643086&2.4706522,2024-04-03T15:00:00.000Z,60,7,public,false,,,ZmXMWx7aTdPoPkkGOWa2HIQVblq2,0,10,0,0,0,0,0
Nc5zd4qinn4WbalWJD3M,Stadium Thiais,published,pro,,48.7511024&2.3713455,2024-04-03T15:00:00.000Z,60,8,public,false,,,psf3NmXEPwdCltHKJC7VuvJocrF3,0,10,0,0,0,0,0
qy6MPHAnpUejMpQmYL50,LE FIVE Paris 18,published,pro,,48.8978522&2.3700234,2024-04-03T15:00:00.000Z,60,5,public,false,,,UQf33jQhVZhle917nO0h7D5qclV2,0,10,0,0,0,0,0
rrPe59Bf2CX58QnA4Tum,Top Ten,published,pro,,48.8729106&2.6840919,2024-04-03T15:00:00.000Z,90,5,public,false,,,i27253AGxOfXgYJK72sBnvUGuMk2,0,10,0,0,0,0,0
tAocT9CLmP1Cg5Dcf137,LE FIVE Paris 17,published,pro,,48.900032&2.3213449,2024-04-03T15:00:00.000Z,60,5,public,false,,,V6mqbc9C8FNa1RQlUupjeoqOsZL2,0,10,0,0,0,0,0
zdocHyW4ij8PmJRTFjsy,Top Ten,published,pro,,48.8729106&2.6840919,2024-04-03T15:00:00.000Z,90,5,public,false,,,i27253AGxOfXgYJK72sBnvUGuMk2,0,10,0,0,0,0,0
Gxebq7scRVWs6RNO2MZp,LE FIVE Montreuil,published,pro,,48.8613036&2.4653095,2024-04-03T15:30:00.000Z,90,11.5,public,false,,,u9uC1vjdcdQ3UqNxI0SiFxor0m43,0,10,0,0,0,0,0
JvnARhgqSMKozrPOTIaI,LE FIVE Bezons,published,pro,,48.91909&2.2093051,2024-04-03T15:30:00.000Z,90,10.5,public,false,,,U3MriTZbPbTUEsU6RtRuHxDMKvg2,0,10,0,0,0,0,0
Ob0HvVpoVggrmdHeIQs4,Stadium Thiais,published,pro,,48.7511024&2.3713455,2024-04-03T15:30:00.000Z,60,10,public,false,,,psf3NmXEPwdCltHKJC7VuvJocrF3,0,10,0,0,0,0,0
saM92U7DR0vYBbR7AdFz,Stadium Thiais,published,pro,,48.7511024&2.3713455,2024-04-03T15:30:00.000Z,90,10,public,false,,,psf3NmXEPwdCltHKJC7VuvJocrF3,0,10,0,0,0,0,0
mi4CPXHHMOFHxuZ7unA2,STADIUM FOOT 5 VILLAGE,published,pro,,43.269413&5.4260321,2024-04-03T16:00:00.000Z,60,10,public,false,,,fnjdH1TDJDcBVFnZjcSuXiImF7p2,0,10,0,0,0,0,0
F9VhHzX1fKNZXzQ4w0l6,Stadium Thiais,published,pro,,48.7511024&2.3713455,2024-04-03T17:00:00.000Z,90,15,public,false,,,psf3NmXEPwdCltHKJC7VuvJocrF3,0,10,0,0,0,0,0
5g6ulFT2CD8rxbclraIc,Stadium Thiais,published,pro,,48.7511024&2.3713455,2024-04-03T20:00:00.000Z,90,14,public,false,,,psf3NmXEPwdCltHKJC7VuvJocrF3,0,10,0,0,0,0,0
QCvqcHP6HIfMr0W1IvjA,LE FIVE Bezons,published,pro,,48.91909&2.2093051,2024-04-03T20:00:00.000Z,90,14,public,false,,,U3MriTZbPbTUEsU6RtRuHxDMKvg2,0,10,0,0,0,0,0
VaBxqdvb8UruGFUEisBH,LE FIVE Paris 18,published,pro,,48.8978522&2.3700234,2024-04-03T20:20:00.000Z,90,10,public,false,,,UQf33jQhVZhle917nO0h7D5qclV2,0,10,0,0,0,0,0
cuyigXBIGr1by1ms4kfi,Top Ten,published,pro,,48.8729106&2.6840919,2024-04-03T20:30:00.000Z,90,16.5,public,false,,,i27253AGxOfXgYJK72sBnvUGuMk2,0,10,0,0,0,0,0
U6odPcx8ssgYPgkNSkfP,LE FIVE Montreuil,published,pro,,48.8613036&2.4653095,2024-04-03T21:00:00.000Z,60,8,public,false,,,u9uC1vjdcdQ3UqNxI0SiFxor0m43,0,10,0,0,0,0,0
UFoEg9RVTmZLRCu7krTX,LE FIVE Paris 13,published,pro,,48.8181615&2.3658793,2024-04-03T21:00:00.000Z,60,10,public,false,,,FjSnzlRFFfhWVWQJGfIEwRc2ZMj2,0,10,0,0,0,0,0
jVM4H1p2HUYbJJGBTxj9,Top Ten,published,pro,,48.8729106&2.6840919,2024-04-03T21:00:00.000Z,90,16.5,public,false,,,i27253AGxOfXgYJK72sBnvUGuMk2,0,10,0,0,0,0,0
5oANAsGCEG00Za3gucSx,STADIUM FOOT 5 VILLAGE,published,pro,,43.269413&5.4260321,2024-04-04T10:00:00.000Z,60,10,public,false,,,fnjdH1TDJDcBVFnZjcSuXiImF7p2,0,10,0,0,0,0,0
HPEanDNpdgthRGSBTsxp,LE FIVE Montreuil,published,pro,,48.8613036&2.4653095,2024-04-04T10:00:00.000Z,90,10.5,public,false,,,u9uC1vjdcdQ3UqNxI0SiFxor0m43,0,10,0,0,0,0,0
LWkoISVd7NiRzUSEcMCd,Top Ten,published,pro,,48.8729106&2.6840919,2024-04-04T10:00:00.000Z,90,5,public,false,,,i27253AGxOfXgYJK72sBnvUGuMk2,0,10,0,0,0,0,0
rFvXZkX5MfUcTz8gX6bL,Stadium Thiais,published,pro,,48.7511024&2.3713455,2024-04-04T10:00:00.000Z,60,7,public,false,,,psf3NmXEPwdCltHKJC7VuvJocrF3,0,10,0,0,0,0,0
rmgKPwzK5Dmdy6p81Sgs,Stadium Thiais,published,pro,,48.7511024&2.3713455,2024-04-04T13:00:00.000Z,90,8,public,false,,,psf3NmXEPwdCltHKJC7VuvJocrF3,0,10,0,0,0,0,0
fYltN3TCvVrLGnHbf4aa,Stadium Thiais,published,pro,,48.7511024&2.3713455,2024-04-04T14:00:00.000Z,90,8,public,false,,,psf3NmXEPwdCltHKJC7VuvJocrF3,0,10,0,0,0,0,0
M0wx74L775vV2Y6oPtRD,LE FIVE Paris 17,published,pro,,48.900032&2.3213449,2024-04-04T15:00:00.000Z,60,5,public,false,,,V6mqbc9C8FNa1RQlUupjeoqOsZL2,0,10,0,0,0,0,0
efpKdsQYr2wPPLmuoJJT,Top Ten,published,pro,,48.8729106&2.6840919,2024-04-04T15:00:00.000Z,90,5,public,false,,,i27253AGxOfXgYJK72sBnvUGuMk2,0,10,0,0,0,0,0
ewokJomFyR4U0ElwpEOy,LE FIVE Montreuil,published,pro,,48.8613036&2.4653095,2024-04-04T15:00:00.000Z,90,11,public,false,,,u9uC1vjdcdQ3UqNxI0SiFxor0m43,0,10,0,0,0,0,0
mRMv2OARI6Zd2vy4IPYk,LE FIVE Paris 18,published,pro,,48.8978522&2.3700234,2024-04-04T15:00:00.000Z,60,5,public,false,,,UQf33jQhVZhle917nO0h7D5qclV2,0,10,0,0,0,0,0
qYtAsigTMXMHbwOl8T64,Top Ten,published,pro,,48.8729106&2.6840919,2024-04-04T15:00:00.000Z,90,5,public,false,,,i27253AGxOfXgYJK72sBnvUGuMk2,0,10,0,0,0,0,0
zF3naQXoCTyQrnqQje7P,LE FIVE Créteil,published,pro,,48.7643086&2.4706522,2024-04-04T15:00:00.000Z,60,7,public,false,,,ZmXMWx7aTdPoPkkGOWa2HIQVblq2,0,10,0,0,0,0,0
7NyTn647B4c2GBuGYMzM,Stadium Thiais,published,pro,,48.7511024&2.3713455,2024-04-04T15:30:00.000Z,60,10,public,false,,,psf3NmXEPwdCltHKJC7VuvJocrF3,0,10,0,0,0,0,0
ly4qOIQdrqPnYbdPUx73,Stadium Thiais,published,pro,,48.7511024&2.3713455,2024-04-04T15:30:00.000Z,90,10,public,false,,,psf3NmXEPwdCltHKJC7VuvJocrF3,0,10,0,0,0,0,0
SZyMXl7n3a0jPRLyv0gB,LE FIVE Champigny,published,pro,,48.8194084&2.5251846,2024-04-04T16:00:00.000Z,60,11,public,false,,,evlV9mUgATYQ5343zpYZvk4w0r03,0,10,0,0,0,0,0
tCdP0IZiuHXHdwbSw0Qt,LE FIVE Bezons,published,pro,,48.91909&2.2093051,2024-04-04T16:00:00.000Z,60,7,public,false,,,U3MriTZbPbTUEsU6RtRuHxDMKvg2,0,10,0,0,0,0,0
gMy5BVjZ8Z0FOeF8as5a,Stadium Thiais,published,pro,,48.7511024&2.3713455,2024-04-04T17:00:00.000Z,90,15,public,false,,,psf3NmXEPwdCltHKJC7VuvJocrF3,0,10,0,0,0,0,0
H6z7fA3TlQ7ZSC77x9oe,Testing Purposes,published,pro,,67.461524&-152.801377,2024-04-04T18:15:00.000Z,60,12,public,false,,,f2LrY7SAV3U1V9tUVAZfiMxA3uu1,0,10,0,0,0,0,0
Cl4cLLwHMUYyDLq7QcxS,LE FIVE Bezons,published,pro,,48.91909&2.2093051,2024-04-04T20:00:00.000Z,90,14,public,false,,,U3MriTZbPbTUEsU6RtRuHxDMKvg2,0,10,0,0,0,0,0
MQ37kNkTeLBFrIsSVB6M,Stadium Thiais,published,pro,,48.7511024&2.3713455,2024-04-04T20:00:00.000Z,90,14,public,false,,,psf3NmXEPwdCltHKJC7VuvJocrF3,0,10,0,0,0,0,0
OF04uRK1zeQd3vcK9XNr,LE FIVE Paris 18,published,pro,,48.8978522&2.3700234,2024-04-04T20:20:00.000Z,90,10,public,false,,,UQf33jQhVZhle917nO0h7D5qclV2,0,10,0,0,0,0,0
cP39awiiktmFfMJ183Pg,Top Ten,published,pro,,48.8729106&2.6840919,2024-04-04T20:30:00.000Z,90,16.5,public,false,,,i27253AGxOfXgYJK72sBnvUGuMk2,0,10,0,0,0,0,0
LNpU84JpyoWWB9RKNA2s,Top Ten,published,pro,,48.8729106&2.6840919,2024-04-04T21:00:00.000Z,90,16.5,public,false,,,i27253AGxOfXgYJK72sBnvUGuMk2,0,10,0,0,0,0,0
VjRvLF7g7HUDlojseczQ,LE FIVE Montreuil,published,pro,,48.8613036&2.4653095,2024-04-04T21:00:00.000Z,60,8,public,false,,,u9uC1vjdcdQ3UqNxI0SiFxor0m43,0,10,0,0,0,0,0
h8Gpz92VL8UZAH2PuLfE,LE FIVE Paris 13,published,pro,,48.8181615&2.3658793,2024-04-04T21:00:00.000Z,60,10,public,false,,,FjSnzlRFFfhWVWQJGfIEwRc2ZMj2,0,10,0,0,0,0,0
kMypwtyz4sF8ImHaEmRN,LE FIVE Montreuil,published,pro,,48.8613036&2.4653095,2024-04-05T08:00:00.000Z,90,10.5,public,false,,,u9uC1vjdcdQ3UqNxI0SiFxor0m43,0,10,0,0,0,0,0
S8vSeoHjitVgeWHpT0ot,Top Ten,published,pro,,48.8729106&2.6840919,2024-04-05T10:00:00.000Z,90,5,public,false,,,i27253AGxOfXgYJK72sBnvUGuMk2,0,10,0,0,0,0,0
kzMuD2YEnW78dXOBTHiS,Stadium Thiais,published,pro,,48.7511024&2.3713455,2024-04-05T10:00:00.000Z,60,7,public,false,,,psf3NmXEPwdCltHKJC7VuvJocrF3,0,10,0,0,0,0,0
wqA9A0ZxTSND2MmwTiYu,LE FIVE Bezons,published,pro,,48.91909&2.2093051,2024-04-05T10:00:00.000Z,90,10,public,false,,,U3MriTZbPbTUEsU6RtRuHxDMKvg2,0,10,0,0,0,0,0
9O8TvHMXzO4Zw7rY5Euu,LE FIVE Montreuil,published,pro,,48.8613036&2.4653095,2024-04-05T10:30:00.000Z,90,10.5,public,false,,,u9uC1vjdcdQ3UqNxI0SiFxor0m43,0,10,0,0,0,0,0
Zlj8FDDlIvmWhCCWKBtN,Stadium Antibes,published,pro,,43.6121609&7.122323,2024-04-05T10:30:00.000Z,60,7,public,false,,,w5VZiCXqSxQ40riMnKYLO11xmeJ2,0,10,0,0,0,0,0
L5cJUAZZRn8qnDQB0GDL,Stadium Thiais,published,pro,,48.7511024&2.3713455,2024-04-05T13:00:00.000Z,90,8,public,false,,,psf3NmXEPwdCltHKJC7VuvJocrF3,0,10,0,0,0,0,0
awc9OAvYpCKS3Tzd3V54,Stadium Thiais,published,pro,,48.7511024&2.3713455,2024-04-05T14:00:00.000Z,90,8,public,false,,,psf3NmXEPwdCltHKJC7VuvJocrF3,0,10,0,0,0,0,0
hqMdznqzSzSoAgJP0a42,Kinshasa,published,pro,,-4.3032527&15.310528,2024-04-05T14:00:00.000Z,90,21,public,false,,,zCvsukfMuuffsuPpSTQwb7MusMD2,0,10,0,0,0,0,0
dPaEmKZbekPXH5ewIyGR,Kinshasa,published,pro,,-4.3032527&15.310528,2024-04-05T14:30:00.000Z,90,11,public,false,,,zCvsukfMuuffsuPpSTQwb7MusMD2,0,10,0,0,0,0,0
GwCT2N4GOQnqEv6OFOsP,Top Ten,published,pro,,48.8729106&2.6840919,2024-04-05T15:00:00.000Z,90,5,public,false,,,i27253AGxOfXgYJK72sBnvUGuMk2,0,10,0,0,0,0,0
HYbOE28sTUBDLRjkeYRy,Top Ten,published,pro,,48.8729106&2.6840919,2024-04-05T15:00:00.000Z,90,5,public,false,,,i27253AGxOfXgYJK72sBnvUGuMk2,0,10,0,0,0,0,0
JxOvAxxzAp6Y6GTFRZl6,Top Ten,published,pro,,48.8729106&2.6840919,2024-04-05T15:00:00.000Z,90,5,public,false,,,i27253AGxOfXgYJK72sBnvUGuMk2,0,10,0,0,0,0,0
YD4DVjHUnz4T8Pr1prTe,LE FIVE Paris 18,published,pro,,48.8978522&2.3700234,2024-04-05T15:00:00.000Z,60,5,public,false,,,UQf33jQhVZhle917nO0h7D5qclV2,0,10,0,0,0,0,0
cCx5FYVlbLe9j8FuluzH,LE FIVE Marville - La Courneuve,published,pro,,48.9361223&2.3872592,2024-04-05T15:00:00.000Z,60,7,public,false,,,1GfAHFfqO6dOj37bPrTRuDS5gnk1,0,10,0,0,0,0,0
ergEtlWZ2dJI8xE44tU1,LE FIVE Paris 17,published,pro,,48.900032&2.3213449,2024-04-05T15:00:00.000Z,60,5,public,false,,,V6mqbc9C8FNa1RQlUupjeoqOsZL2,0,10,0,0,0,0,0
jyhZGCAYhdsVfHJTxEyL,Stadium Thiais,published,pro,,48.7511024&2.3713455,2024-04-05T15:00:00.000Z,60,8,public,false,,,psf3NmXEPwdCltHKJC7VuvJocrF3,0,10,0,0,0,0,0
wN7wH9BiHmXH2xBfMiUo,LE FIVE Champigny,published,pro,,48.8194084&2.5251846,2024-04-05T15:00:00.000Z,60,7,public,false,,,evlV9mUgATYQ5343zpYZvk4w0r03,0,10,0,0,0,0,0
yiRHWLJDtH47LzxNV9Iq,LE FIVE Créteil,published,pro,,48.7643086&2.4706522,2024-04-05T15:00:00.000Z,60,7,public,false,,,ZmXMWx7aTdPoPkkGOWa2HIQVblq2,0,10,0,0,0,0,0
CC4b0vZ8SbzYdRIPjKON,Stadium Thiais,published,pro,,48.7511024&2.3713455,2024-04-05T15:30:00.000Z,90,10,public,false,,,psf3NmXEPwdCltHKJC7VuvJocrF3,0,10,0,0,0,0,0
DTXrxtUPhgC9lnRlaU9O,LE FIVE Montreuil,published,pro,,48.8613036&2.4653095,2024-04-05T15:30:00.000Z,90,11.5,public,false,,,u9uC1vjdcdQ3UqNxI0SiFxor0m43,0,10,0,0,0,0,0
fqLdQ3cGlSpwmCm6y2Mb,LE FIVE Bezons,published,pro,,48.91909&2.2093051,2024-04-05T15:30:00.000Z,90,10.5,public,false,,,U3MriTZbPbTUEsU6RtRuHxDMKvg2,0,10,0,0,0,0,0
x12ED5g2667ycDFt9Pth,Stadium Thiais,published,pro,,48.7511024&2.3713455,2024-04-05T15:30:00.000Z,60,10,public,false,,,psf3NmXEPwdCltHKJC7VuvJocrF3,0,10,0,0,0,0,0
L3NwgFDr9RC15WEdV3yW,Stadium Thiais,published,pro,,48.7511024&2.3713455,2024-04-05T16:00:00.000Z,90,14,public,false,,,psf3NmXEPwdCltHKJC7VuvJocrF3,0,10,0,0,0,0,0
fea4OwfyX7l4gvByLXTV,Stadium Thiais,published,pro,,48.7511024&2.3713455,2024-04-05T17:00:00.000Z,90,15,public,false,,,psf3NmXEPwdCltHKJC7VuvJocrF3,0,10,0,0,0,0,0
nIHktLWOEK4m432PDqTL,STADIUM FOOT 5 VILLAGE,published,pro,,43.269413&5.4260321,2024-04-05T17:00:00.000Z,60,10,public,false,,,fnjdH1TDJDcBVFnZjcSuXiImF7p2,0,10,0,0,0,0,0
57qUAwAHN4vOrZwrWyas,FIVE ARENA MEAUX ,published,pro,,48.9539465&2.9154573,2024-04-05T18:30:00.000Z,90,10,public,false,,,4K6djqUyJdTgGF3Q7nh7CXQHqVh1,0,10,0,0,0,0,0
rW9zkPbv19o65rRbkBuf,Stadium Thiais,published,pro,,48.7511024&2.3713455,2024-04-05T20:00:00.000Z,90,14,public,false,,,psf3NmXEPwdCltHKJC7VuvJocrF3,0,10,0,0,0,0,0
VUGQuSLWYKQea2gG0ATN,LE FIVE Paris 18,published,pro,,48.8978522&2.3700234,2024-04-05T20:20:00.000Z,90,10,public,false,,,UQf33jQhVZhle917nO0h7D5qclV2,0,10,0,0,0,0,0
DpufP7krgs42V2b9xOlp,Top Ten,published,pro,,48.8729106&2.6840919,2024-04-05T20:30:00.000Z,90,16.5,public,false,,,i27253AGxOfXgYJK72sBnvUGuMk2,0,10,0,0,0,0,0
EZTRXWg8v8b4Lodu3ZSM,Top Ten,published,pro,,48.8729106&2.6840919,2024-04-05T21:00:00.000Z,90,16.5,public,false,,,i27253AGxOfXgYJK72sBnvUGuMk2,0,10,0,0,0,0,0
UcCM4pHx3WpFTYqXYAGH,LE FIVE Montreuil,published,pro,,48.8613036&2.4653095,2024-04-05T21:00:00.000Z,60,8,public,false,,,u9uC1vjdcdQ3UqNxI0SiFxor0m43,0,10,0,0,0,0,0
cT7oNtCbZKElT3L18v2a,LE FIVE Paris 13,published,pro,,48.8181615&2.3658793,2024-04-05T21:00:00.000Z,60,10,public,false,,,FjSnzlRFFfhWVWQJGfIEwRc2ZMj2,0,10,0,0,0,0,0
YlIdawhky7QKOH4cza7b,LE FIVE Marville - La Courneuve,published,pro,,48.9361223&2.3872592,2024-04-06T07:10:00.000Z,60,10,public,false,,,1GfAHFfqO6dOj37bPrTRuDS5gnk1,0,10,0,0,0,0,0
K76pBev3l3QqZHl7dI7A,Stadium Thiais,published,pro,,48.7511024&2.3713455,2024-04-06T08:30:00.000Z,90,12,public,false,,,psf3NmXEPwdCltHKJC7VuvJocrF3,0,10,0,0,0,0,0
cHYRsgFzSzM0xIYpn5s8,Stadium Thiais,published,pro,,48.7511024&2.3713455,2024-04-06T09:30:00.000Z,90,12,public,false,,,psf3NmXEPwdCltHKJC7VuvJocrF3,0,10,0,0,0,0,0
vb3w76ekiru60GbEw9R3,Stadium Thiais,published,pro,,48.7511024&2.3713455,2024-04-06T11:00:00.000Z,90,15,public,false,,,psf3NmXEPwdCltHKJC7VuvJocrF3,0,10,0,0,0,0,0
ReL9EladfsIyhsV1X6wH,Stadium Thiais,published,pro,,48.7511024&2.3713455,2024-04-06T12:00:00.000Z,90,12,public,false,,,psf3NmXEPwdCltHKJC7VuvJocrF3,1,10,0,0,0,0,0
cLQEhlnYkawtmwKbQJO3,Foot-Max Argenteuil,published,pro,,48.9501632&2.2093946,2024-04-06T12:00:00.000Z,120,16,public,false,,,SuEnyPZ4TgNIkt1yap2yJ3ZHO6p1,0,10,0,0,0,0,0
sBr6Kst9tMVeHioaNz1x,LE FIVE Montreuil,published,pro,,48.8613036&2.4653095,2024-04-06T12:00:00.000Z,90,15,public,false,,,u9uC1vjdcdQ3UqNxI0SiFxor0m43,0,10,0,0,0,0,0
n67e7QHQFvnOjsvt9eT1,LE FIVE Montreuil,published,pro,,48.8613036&2.4653095,2024-04-06T14:00:00.000Z,60,10,public,false,,,u9uC1vjdcdQ3UqNxI0SiFxor0m43,0,10,0,0,0,0,0
nnWse8enl4cOP7zsXNDu,Stadium Thiais,published,pro,,48.7511024&2.3713455,2024-04-06T14:00:00.000Z,90,12,public,false,,,psf3NmXEPwdCltHKJC7VuvJocrF3,0,10,0,0,0,0,0
tGIhdCNBRk01vPjYmK3F,Stadium Antibes,published,pro,,43.6121609&7.122323,2024-04-06T14:00:00.000Z,60,10,public,false,,,w5VZiCXqSxQ40riMnKYLO11xmeJ2,1,10,0,0,0,0,0
GkbbMlANxgwIXfgAeimH,Top Ten,published,pro,,48.8729106&2.6840919,2024-04-06T14:30:00.000Z,90,15,public,false,,,i27253AGxOfXgYJK72sBnvUGuMk2,0,10,0,0,0,0,0
pGgND0Ys3drl7Fxa7W73,Monclub Futbol,published,pro,,43.4299152&5.4001974,2024-04-06T14:30:00.000Z,90,12,public,false,,,CSTy9rmJRQSyWlqWuGiUhGpAGqf2,0,10,0,0,0,0,0
j9YgSCPF4774kaggwVJi,Stadium Thiais,published,pro,,48.7511024&2.3713455,2024-04-06T15:30:00.000Z,90,12,public,false,,,psf3NmXEPwdCltHKJC7VuvJocrF3,0,10,0,0,0,0,0
sNF1EQ5MHUPBqNwT6Fbn,LE FIVE Montreuil,published,pro,,48.8613036&2.4653095,2024-04-06T16:30:00.000Z,90,15,public,false,,,u9uC1vjdcdQ3UqNxI0SiFxor0m43,0,10,0,0,0,0,0
TXVz44g0VqJaKREnXn1C,LE FIVE Champigny,published,pro,,48.8194084&2.5251846,2024-04-06T17:00:00.000Z,60,11,public,false,,,evlV9mUgATYQ5343zpYZvk4w0r03,0,10,0,0,0,0,0
lSS81ZIT5CKGmRcnCzHe,Stadium Thiais,published,pro,,48.7511024&2.3713455,2024-04-06T17:00:00.000Z,90,15,public,false,,,psf3NmXEPwdCltHKJC7VuvJocrF3,0,10,0,0,0,0,0
Uinhy2rWqMZD4PfPtmXb,LE FIVE Bezons,published,pro,,48.91909&2.2093051,2024-04-06T19:00:00.000Z,90,13.5,public,false,,,U3MriTZbPbTUEsU6RtRuHxDMKvg2,0,10,0,0,0,0,0
X0pnrPpyhDJD1E5O1BKj,LE FIVE Montreuil,published,pro,,48.8613036&2.4653095,2024-04-06T20:00:00.000Z,120,20,public,false,,,u9uC1vjdcdQ3UqNxI0SiFxor0m43,0,10,0,0,0,0,0
jd51J9dq9R0kns8tanfq,LE FIVE Paris 13,published,pro,,48.8181615&2.3658793,2024-04-06T20:00:00.000Z,60,10,public,false,,,FjSnzlRFFfhWVWQJGfIEwRc2ZMj2,0,10,0,0,0,0,0
zgN9yl5f0lHw9ftmU0Oi,Stadium Thiais,published,pro,,48.7511024&2.3713455,2024-04-06T20:00:00.000Z,90,15,public,false,,,psf3NmXEPwdCltHKJC7VuvJocrF3,0,10,0,0,0,0,0
XbsuI6ouElTrzmbrey9Q,LE FIVE Paris 18,published,pro,,48.8978522&2.3700234,2024-04-06T20:30:00.000Z,90,10,public,false,,,UQf33jQhVZhle917nO0h7D5qclV2,0,10,0,0,0,0,0
4jBe7dM09JQXX9vO7IAT,LE FIVE Marville - La Courneuve,published,pro,,48.9361223&2.3872592,2024-04-07T07:00:00.000Z,60,10,public,false,,,1GfAHFfqO6dOj37bPrTRuDS5gnk1,0,10,0,0,0,0,0
ox2PEnCUYXKgpNIpM3d1,LE FIVE Montreuil,published,pro,,48.8613036&2.4653095,2024-04-07T07:00:00.000Z,90,15,public,false,,,u9uC1vjdcdQ3UqNxI0SiFxor0m43,0,10,0,0,0,0,0
fdKb92UZZiLOuhjUq2KD,Stadium Thiais,published,pro,,48.7511024&2.3713455,2024-04-07T08:30:00.000Z,90,15,public,false,,,psf3NmXEPwdCltHKJC7VuvJocrF3,0,10,0,0,0,0,0
2zhwdQEJsqtGoQ7afQxy,Stadium Thiais,published,pro,,48.7511024&2.3713455,2024-04-07T09:30:00.000Z,90,15,public,false,,,psf3NmXEPwdCltHKJC7VuvJocrF3,0,10,0,0,0,0,0
dNKHTII0Zb9pMHYtlsKy,Stadium Thiais,published,pro,,48.7511024&2.3713455,2024-04-07T09:30:00.000Z,90,15,public,false,,,psf3NmXEPwdCltHKJC7VuvJocrF3,0,12,0,0,0,0,0
1gqnY3sKUOidtdB5K0to,Top Ten,published,pro,,48.8729106&2.6840919,2024-04-07T10:00:00.000Z,90,15,public,false,,,i27253AGxOfXgYJK72sBnvUGuMk2,0,10,0,0,0,0,0
cO6qm4pK0pTqEHQWWUwA,LE FIVE Créteil,published,pro,,48.7643086&2.4706522,2024-04-07T10:00:00.000Z,60,11,public,false,,,ZmXMWx7aTdPoPkkGOWa2HIQVblq2,0,10,0,0,0,0,0
e5v4k0K6h4hzTyEpdciu,Kinshasa,published,pro,,-4.3032527&15.310528,2024-04-07T10:23:00.000Z,90,12,public,false,,,zCvsukfMuuffsuPpSTQwb7MusMD2,0,10,0,0,0,0,0
pN8QvEKz7I0ZG0nPx7QI,Stadium Thiais,published,pro,,48.7511024&2.3713455,2024-04-07T11:00:00.000Z,90,15,public,false,,,psf3NmXEPwdCltHKJC7VuvJocrF3,0,10,0,0,0,0,0
vxtwBgcywjV8ynm1OiE0,LE FIVE Montreuil,published,pro,,48.8613036&2.4653095,2024-04-07T12:00:00.000Z,90,15,public,false,,,u9uC1vjdcdQ3UqNxI0SiFxor0m43,0,10,0,0,0,0,0
ra0zbP6l2AmdRuunfocj,Stadium Thiais,published,pro,,48.7511024&2.3713455,2024-04-07T12:30:00.000Z,90,15,public,false,,,psf3NmXEPwdCltHKJC7VuvJocrF3,0,10,0,0,0,0,0
P0hYvHcqsj41IXm0SNzZ,Stadium Thiais,published,pro,,48.7511024&2.3713455,2024-04-07T14:00:00.000Z,90,15,public,false,,,psf3NmXEPwdCltHKJC7VuvJocrF3,0,10,0,0,0,0,0
Q0HZvnRxpi86isJjGDcN,Stadium Thiais,published,pro,,48.7511024&2.3713455,2024-04-07T15:30:00.000Z,90,15,public,false,,,psf3NmXEPwdCltHKJC7VuvJocrF3,0,10,0,0,0,0,0
KmBXPPiNgXiRGMiGEJtO,Monclub Futbol,published,pro,,43.4299152&5.4001974,2024-04-07T16:00:00.000Z,90,12,public,false,,,CSTy9rmJRQSyWlqWuGiUhGpAGqf2,0,10,0,0,0,0,0
PfRFuuhOiPm5HJG6vgXY,Stadium Thiais,published,pro,,48.7511024&2.3713455,2024-04-07T17:00:00.000Z,90,15,public,false,,,psf3NmXEPwdCltHKJC7VuvJocrF3,0,10,0,0,0,0,0
7AhR9yMsaUXne1O6BaFl,LE FIVE Bezons,published,pro,,48.91909&2.2093051,2024-04-07T18:00:00.000Z,90,15,public,false,,,U3MriTZbPbTUEsU6RtRuHxDMKvg2,0,10,0,0,0,0,0
Fvtm0eePx6DFxU5cumPV,Stadium Thiais,published,pro,,48.7511024&2.3713455,2024-04-07T18:30:00.000Z,90,15,public,false,,,psf3NmXEPwdCltHKJC7VuvJocrF3,0,10,0,0,0,0,0
U4EJ9q0qIzpbhZoRJuXn,Stadium Thiais,published,pro,,48.7511024&2.3713455,2024-04-07T20:00:00.000Z,90,15,public,false,,,psf3NmXEPwdCltHKJC7VuvJocrF3,0,10,0,0,0,0,0
jjycRAjuIYEq9h3SCMGA,Stadium Antibes,published,pro,,43.6121609&7.122323,2024-04-08T10:30:00.000Z,60,7,public,false,,,w5VZiCXqSxQ40riMnKYLO11xmeJ2,0,10,0,0,0,0,0
JL1YDMhtKb6vmVK0BEKx,Stadium Antibes,published,pro,,43.6121609&7.122323,2024-04-08T15:00:00.000Z,60,10,public,false,,,w5VZiCXqSxQ40riMnKYLO11xmeJ2,0,10,0,0,0,0,0
idYeg7XSlodn04ZJGYWJ,Stadium Thiais,published,pro,,48.7511024&2.3713455,2024-04-08T15:00:00.000Z,60,8,public,false,,,psf3NmXEPwdCltHKJC7VuvJocrF3,0,10,0,0,0,0,0
F76kLt5vCj3LSMY3qED6,Stadium Thiais,published,pro,,48.7511024&2.3713455,2024-04-08T15:30:00.000Z,60,10,public,false,,,psf3NmXEPwdCltHKJC7VuvJocrF3,0,10,0,0,0,0,0
fvbEhKyoYsSXSHCqgPub,Stadium Thiais,published,pro,,48.7511024&2.3713455,2024-04-09T15:00:00.000Z,60,8,public,false,,,psf3NmXEPwdCltHKJC7VuvJocrF3,0,10,0,0,0,0,0
WyCHSdmye3fs6qHBQf5T,Stadium Thiais,published,pro,,48.7511024&2.3713455,2024-04-09T15:30:00.000Z,60,10,public,false,,,psf3NmXEPwdCltHKJC7VuvJocrF3,0,10,0,0,0,0,0
rqHNbU2aA1za56fFOqUG,Stadium Thiais,published,pro,,48.7511024&2.3713455,2024-04-10T15:00:00.000Z,60,8,public,false,,,psf3NmXEPwdCltHKJC7VuvJocrF3,0,10,0,0,0,0,0
Zlbn3BrFcNUUMWzgpKRk,Stadium Thiais,published,pro,,48.7511024&2.3713455,2024-04-10T15:30:00.000Z,60,10,public,false,,,psf3NmXEPwdCltHKJC7VuvJocrF3,0,10,0,0,0,0,0
