REPEATER_ID,ADDRESS,CENTRE,DURATION,EXPECTED_TIME,FIRST_OCCURRENCE,LOCATION_LATITUDE,LOCATION_LONGITUDE,MAX_PLAYERS,ORGANIZER,PLACE_ID,PRICE,STATUS,TIME,TIME_ZONE,WEEKDAY
0J1keAN3JDLwpNReEQok,"ZI SENIA, 2 Rue du Courson, 94320 Thiais, France",Stadium Thiais,60,12:00,2023-08-29T13:34:28.331Z,48.7511024,2.3713455,10,psf3NmXEPwdCltHKJC7VuvJocrF3,ChIJ64X9jzx05kcRsHvSfOv6UcA,7,published,2023-08-29T10:00:00.000Z,Europe/Paris,1
0SdGd3FqYYQtOdLJ9sUZ,"41-51 Rue Jacquard, 77400 Lagny-sur-Marne, France",Top Ten,90,12:00,2023-11-08T09:40:00.410Z,48.8729106,2.6840919,10,i27253AGxOfXgYJK72sBnvUGuMk2,ChIJfXprBx4b5kcRmhe-5pLZUek,5,published,2023-11-08T11:00:00.000Z,Europe/Paris,5
0fK2JjF5NMdFHWVs9Scx,"ZI SENIA, 2 Rue du Courson, 94320 Thiais, France",Stadium Thiais,90,17:30,2023-08-29T13:40:27.586Z,48.7511024,2.3713455,10,psf3NmXEPwdCltHKJC7VuvJocrF3,ChIJ64X9jzx05kcRsHvSfOv6UcA,10,published,2023-08-29T15:30:00.000Z,Europe/Paris,4
0oulmGt3OaKRTFDdQIUM,"ZI SENIA, 2 Rue du Courson, 94320 Thiais, France",Stadium Thiais,90,22:00,2023-08-29T13:45:21.328Z,48.7511024,2.3713455,10,psf3NmXEPwdCltHKJC7VuvJocrF3,ChIJ64X9jzx05kcRsHvSfOv6UcA,15,published,2023-08-29T20:00:00.000Z,Europe/Paris,6
1Kfru6y25JHPDJ6tC0EL,"187 Rte de Saint-Leu, 93800 Épinay-sur-Seine, France",FOOT IN FIVE - ÉPINAY-SUR-SEINE,90,19:30,2023-09-19T08:19:37.300Z,48.9552257,2.3328346,10,fSh9muNltcVTK0WIVstxyAAnx7V2,ChIJoUR0syFp5kcRUlStnwluaYY,15,canceled,2023-09-19T17:30:00.000Z,Europe/Paris,1
1PJUAdVET6Y4Ve8m6ZhD,"ZI SENIA, 2 Rue du Courson, 94320 Thiais, France",Stadium Thiais,90,16:00,2023-08-29T13:39:19.589Z,48.7511024,2.3713455,10,psf3NmXEPwdCltHKJC7VuvJocrF3,ChIJ64X9jzx05kcRsHvSfOv6UcA,8,published,2023-10-04T14:00:00.000Z,Europe/Paris,5
1WMbfe7mzQ2jAkrHAJVi,"ZI SENIA, 2 Rue du Courson, 94320 Thiais, France",Stadium Thiais,90,19:00,2023-08-29T13:41:48.948Z,48.7511024,2.3713455,10,psf3NmXEPwdCltHKJC7VuvJocrF3,ChIJ64X9jzx05kcRsHvSfOv6UcA,15,published,2023-08-29T17:00:00.000Z,Europe/Paris,2
1cNJOcObpku0WSq7kWGX,"200 Chau. Jules César, 95250 Beauchamp, France",Le Street Foot en Salle,120,15:00,2024-02-11T22:19:33.207Z,49.0164435,2.181307,10,bsRK7e37BkUbETMq0Tg3lbm8Fao2,ChIJt_AXL6Jg5kcRu6rBmnrmeUM,10,published,2024-02-11T14:00:00.000Z,Europe/Paris,1
1gaUwjAHOfFN7Xzh4P57,"44 Av. Vaucanson, 93370 Montfermeil, France",Footbox,60,15:00,2024-02-06T12:06:51.860Z,48.9022789,2.582647,10,QI89VPazyLhBVnWH871jk4BUEZI3,ChIJY-WkusIR5kcR-tEad3UtaSQ,7,published,2024-02-06T14:00:00.000Z,Europe/Paris,3
1yi6RYB0UVxfOfctWSE2,"36 Rue des Pommiers, 95240 Cormeilles-en-Parisis, France",Foot POWER 5,90,18:00,2023-09-12T06:22:03.141Z,48.960066,2.2061913,10,sss3dYi6nzWd7rEjwcQ30LGKudj1,ChIJuTCIFshm5kcRBtEQJ76dAzc,5,canceled,2023-09-12T16:00:00.000Z,Europe/Paris,2
2NebrXulYQCpWcfry50p,"139 Rue François Mauriac, 13010 Marseille, France",STADIUM FOOT 5 VILLAGE,60,18:00,2024-03-04T15:25:50.011Z,43.269413,5.4260321,10,fnjdH1TDJDcBVFnZjcSuXiImF7p2,ChIJbbOWFtC4yRIR0WXVerbWmnE,10,published,2024-03-04T17:00:00.000Z,Europe/Paris,3
2PvrrZxfdiBlhoDFheFg,"41-51 Rue Jacquard, 77400 Lagny-sur-Marne, France",Top Ten,90,17:00,2023-11-06T14:08:06.635Z,48.8729106,2.6840919,10,i27253AGxOfXgYJK72sBnvUGuMk2,ChIJfXprBx4b5kcRmhe-5pLZUek,5,published,2023-11-06T16:00:00.000Z,Europe/Paris,5
2j2HKVaIqkDBHIxYYgDW,"9 Av. de la Prte de Choisy, 75013 Paris, France",LE FIVE Paris 13,60,23:00,2023-09-02T11:42:26.926Z,48.8181615,2.3658793,10,FjSnzlRFFfhWVWQJGfIEwRc2ZMj2,ChIJ_bOSChhz5kcRZMTeq_6Gdzg,10,published,2023-09-02T21:00:00.000Z,Europe/Paris,3
2xut1HzfNlyzTCKJUpy0,"156 Rue de la Nouvelle France, 93100 Montreuil, France",LE FIVE Montreuil,90,17:30,2023-11-22T20:15:48.543Z,48.8613036,2.4653095,10,u9uC1vjdcdQ3UqNxI0SiFxor0m43,ChIJJdTQjr0T5kcRZmGxtIJVy44,11.5,published,2023-11-22T16:30:00.000Z,Europe/Paris,3
35HKzkjQhKdiylEv16gn,"44 Av. Vaucanson, 93370 Montfermeil, France",Footbox,60,19:00,2024-02-06T12:18:12.166Z,48.9022789,2.582647,10,QI89VPazyLhBVnWH871jk4BUEZI3,ChIJY-WkusIR5kcR-tEad3UtaSQ,10,published,2024-02-06T18:00:00.000Z,Europe/Paris,5
35dagHmoPn2NRmzjZemJ,"44 Av. Vaucanson, 93370 Montfermeil, France",Footbox,60,17:00,2024-02-06T12:17:58.166Z,48.9022789,2.582647,10,QI89VPazyLhBVnWH871jk4BUEZI3,ChIJY-WkusIR5kcR-tEad3UtaSQ,7,published,2024-02-06T16:00:00.000Z,Europe/Paris,5
3BTt6kpYOUUJY5jb79PL,"ZI SENIA, 2 Rue du Courson, 94320 Thiais, France",Stadium Thiais,60,17:30,2024-03-07T17:41:59.051Z,48.7511024,2.3713455,10,psf3NmXEPwdCltHKJC7VuvJocrF3,ChIJ64X9jzx05kcRsHvSfOv6UcA,10,published,2024-03-07T16:30:00.000Z,Europe/Paris,1
3EHBieER4FyY3Kl1JQze,"Kinshasa, République démocratique du Congo",Kinshasa - Test,60,05:00,2024-02-13T11:34:05.694Z,-4.3032527,15.310528,10,zCvsukfMuuffsuPpSTQwb7MusMD2,ChIJi2oG_jAxahoRjTdSH05-ixY,12,published,2024-02-13T04:00:00.000Z,Europe/Paris,2
3IG2KZCSZkfWOjwFmT6p,"44 Av. Vaucanson, 93370 Montfermeil, France",Footbox,60,23:00,2024-02-06T12:16:37.916Z,48.9022789,2.582647,10,QI89VPazyLhBVnWH871jk4BUEZI3,ChIJY-WkusIR5kcR-tEad3UtaSQ,10,published,2024-02-06T22:00:00.000Z,Europe/Paris,4
3lg5Q2i9jIMKiSSGlJLs,"215 Rue d'Aubervilliers, 75018 Paris, France",LE FIVE Paris 18,90,22:30,2023-11-24T08:13:37.890Z,48.8978522,2.3700234,10,UQf33jQhVZhle917nO0h7D5qclV2,ChIJpVT4_n1u5kcRzji6FdTBXXo,10,published,2023-11-24T21:30:00.000Z,Europe/Paris,6
3piUCMZXMG3Q0xcixBhr,"36 Rue des Pommiers, 95240 Cormeilles-en-Parisis, France",Foot POWER 5,90,12:00,2023-09-24T07:14:30.773Z,48.960066,2.2061913,10,sss3dYi6nzWd7rEjwcQ30LGKudj1,ChIJuTCIFshm5kcRBtEQJ76dAzc,10,canceled,2023-09-24T10:00:00.000Z,Europe/Paris,7
4JAB0OaPIp1fI4fgROEJ,"26 Rue Hélène et François Missoffe, 75017 Paris, France",LE FIVE Paris 17,60,17:00,2023-09-07T12:16:59.453Z,48.900032,2.3213449,10,V6mqbc9C8FNa1RQlUupjeoqOsZL2,ChIJ7eI8sFNv5kcR5xy52Wc57NU,5,published,2023-09-07T15:00:00.000Z,Europe/Paris,5
4LDFcLcOgVbk4o35VTdO,"10 Rue Henri de France, 95870 Bezons",LE FIVE Bezons,60,18:00,2023-09-05T16:05:10.927Z,48.91909,2.2093051,10,U3MriTZbPbTUEsU6RtRuHxDMKvg2,ChIJ04KEHBZk5kcRoDWLaMOCCwQ,7,published,2023-10-29T17:00:00.000Z,Europe/Paris,4
4PromBBjXrtEUGjTZYdy,"304 Av. du Pylône, 06600 Antibes, France",Stadium Antibes,60,12:30,2024-03-05T12:15:40.638Z,43.6121609,7.122323,10,w5VZiCXqSxQ40riMnKYLO11xmeJ2,ChIJSSGxg-PUzRIRblID9ACQndc,7,published,2024-03-05T11:30:00.000Z,Europe/Paris,3
4Ssn1mZjDkm2ruvemvVx,"36 Rue des Pommiers, 95240 Cormeilles-en-Parisis, France",Foot POWER 5,90,19:30,2023-09-11T19:32:20.796Z,48.960066,2.2061913,10,sss3dYi6nzWd7rEjwcQ30LGKudj1,ChIJuTCIFshm5kcRBtEQJ76dAzc,7,canceled,2023-09-11T17:30:00.000Z,Europe/Paris,2
4eq3tYIQz2xJL33F2mqL,"41-51 Rue Jacquard, 77400 Lagny-sur-Marne, France",Top Ten,90,23:00,2023-11-06T14:09:06.726Z,48.8729106,2.6840919,10,i27253AGxOfXgYJK72sBnvUGuMk2,ChIJfXprBx4b5kcRmhe-5pLZUek,16.5,published,2023-11-06T22:00:00.000Z,Europe/Paris,3
4yPAWVut5NpolLK26zvP,"44 Av. Vaucanson, 93370 Montfermeil, France",Footbox,60,18:00,2024-02-06T12:18:04.730Z,48.9022789,2.582647,10,QI89VPazyLhBVnWH871jk4BUEZI3,ChIJY-WkusIR5kcR-tEad3UtaSQ,10,published,2024-02-06T17:00:00.000Z,Europe/Paris,5
59YWh8Fxsl5d8FEKEjXi,"10 Rue Henri de France, 95870 Bezons",LE FIVE Bezons,60,18:00,2023-09-12T11:49:12.874Z,48.91909,2.2093051,10,U3MriTZbPbTUEsU6RtRuHxDMKvg2,ChIJ04KEHBZk5kcRoDWLaMOCCwQ,7,published,2023-11-01T17:00:00.000Z,Europe/Paris,2
5APT5HBCs2qDa61Mv7hR,"17 Rue Marcelin Berthelot, 92160 Antony, France",Speed Soccer Five,90,18:00,2024-02-09T17:11:15.442Z,48.7360598,2.315058,10,MkTJljXziPXBdRdijccndMLBNCC3,ChIJ2xTNglV25kcR3UDi4AXGfDU,13,published,2024-02-09T17:00:00.000Z,Europe/Paris,3
5MZKJf1U9kOvJykA2OUW,"ZI SENIA, 2 Rue du Courson, 94320 Thiais, France",Stadium Thiais,60,17:00,2024-03-07T17:40:00.290Z,48.7511024,2.3713455,10,psf3NmXEPwdCltHKJC7VuvJocrF3,ChIJ64X9jzx05kcRsHvSfOv6UcA,8,published,2024-03-07T16:00:00.000Z,Europe/Paris,2
5QEdHWAAufnozI2dpQKr,"ZI SENIA, 2 Rue du Courson, 94320 Thiais, France",Stadium Thiais,90,14:00,2023-08-29T13:46:27.616Z,48.7511024,2.3713455,10,psf3NmXEPwdCltHKJC7VuvJocrF3,ChIJ64X9jzx05kcRsHvSfOv6UcA,12,published,2023-08-29T12:00:00.000Z,Europe/Paris,6
5Y71JTOLzsCGcysxYMpl,"44 Av. Vaucanson, 93370 Montfermeil, France",Footbox,60,14:00,2024-02-06T12:23:43.699Z,48.9022789,2.582647,10,QI89VPazyLhBVnWH871jk4BUEZI3,ChIJY-WkusIR5kcR-tEad3UtaSQ,10,published,2024-02-06T13:00:00.000Z,Europe/Paris,7
5fQDQQmp9FnEYZtkIo1q,"ZI SENIA, 2 Rue du Courson, 94320 Thiais, France",Stadium Thiais,90,17:30,2023-08-29T13:39:41.779Z,48.7511024,2.3713455,10,psf3NmXEPwdCltHKJC7VuvJocrF3,ChIJ64X9jzx05kcRsHvSfOv6UcA,10,published,2023-08-29T15:30:00.000Z,Europe/Paris,1
626UUzeYQSGl3UNg7EXn,"156 Rue de la Nouvelle France, 93100 Montreuil, France",LE FIVE Montreuil,90,18:30,2023-11-22T20:28:11.979Z,48.8613036,2.4653095,10,u9uC1vjdcdQ3UqNxI0SiFxor0m43,ChIJJdTQjr0T5kcRZmGxtIJVy44,15,published,2023-11-22T17:30:00.000Z,Europe/Paris,6
6NCEo7OTiFmk1Td9QLO3,"ZI SENIA, 2 Rue du Courson, 94320 Thiais, France",Stadium Thiais,90,15:00,2023-08-29T13:36:25.791Z,48.7511024,2.3713455,10,psf3NmXEPwdCltHKJC7VuvJocrF3,ChIJ64X9jzx05kcRsHvSfOv6UcA,8,published,2023-10-04T13:00:00.000Z,Europe/Paris,3
6jujGSmCbdSfWdtgizcq,"41-51 Rue Jacquard, 77400 Lagny-sur-Marne, France",Top Ten,90,12:00,2023-11-08T09:39:30.291Z,48.8729106,2.6840919,10,i27253AGxOfXgYJK72sBnvUGuMk2,ChIJfXprBx4b5kcRmhe-5pLZUek,5,published,2023-11-08T11:00:00.000Z,Europe/Paris,2
6rP0joP8NWiKzn6Yp7Nl,"9 Av. de la Prte de Choisy, 75013 Paris, France",LE FIVE Paris 13,60,23:00,2023-09-02T11:42:13.191Z,48.8181615,2.3658793,10,FjSnzlRFFfhWVWQJGfIEwRc2ZMj2,ChIJ_bOSChhz5kcRZMTeq_6Gdzg,10,published,2023-09-02T21:00:00.000Z,Europe/Paris,2
6x9X9iBzZG1eQpruHUKk,"41-51 Rue Jacquard, 77400 Lagny-sur-Marne, France",Top Ten,90,17:00,2023-11-06T14:00:15.932Z,48.8729106,2.6840919,10,i27253AGxOfXgYJK72sBnvUGuMk2,ChIJfXprBx4b5kcRmhe-5pLZUek,5,published,2023-11-06T16:00:00.000Z,Europe/Paris,1
721wN8Sr0fKZGzEYDQxD,"139 Rue François Mauriac, 13010 Marseille, France",STADIUM FOOT 5 VILLAGE,60,18:00,2024-03-04T15:25:18.079Z,43.269413,5.4260321,10,fnjdH1TDJDcBVFnZjcSuXiImF7p2,ChIJbbOWFtC4yRIR0WXVerbWmnE,10,published,2024-03-04T17:00:00.000Z,Europe/Paris,2
75I0NezPENArNbRzGpvy,In the middle of nowhere,Testing Purposes,60,20:15,2024-01-17T12:26:01.612Z,67.461524,-152.801377,10,f2LrY7SAV3U1V9tUVAZfiMxA3uu1,ChIJIcEOcgsyyIcRdcrrXxtVdGg,12,published,2024-01-17T19:15:00.000Z,Europe/Paris,4
7i5undsCkfQASrbUSmcU,"44 Av. Vaucanson, 93370 Montfermeil, France",Footbox,60,23:00,2024-02-06T12:07:58.893Z,48.9022789,2.582647,10,QI89VPazyLhBVnWH871jk4BUEZI3,ChIJY-WkusIR5kcR-tEad3UtaSQ,10,published,2024-02-06T22:00:00.000Z,Europe/Paris,3
7sTflRaanjBzStsEqLVw,"113 Rue de Curembourg, 45400 Fleury-les-Aubrais, France",LE FIVE Orléans Fleury,60,22:30,2024-03-06T11:43:37.333Z,47.9415754,1.9358176,10,aK807pAjR0fYf1xp6STGgehCREy2,ChIJsYfwe3n75EcRnjpH9sw356Q,9.5,published,2024-03-06T21:30:00.000Z,heure normale d’Europe centrale,3
8Ecbi9wWavaQwWvKJvrq,"ZI SENIA, 2 Rue du Courson, 94320 Thiais, France",Stadium Thiais,90,19:00,2023-08-29T13:43:20.011Z,48.7511024,2.3713455,10,psf3NmXEPwdCltHKJC7VuvJocrF3,ChIJ64X9jzx05kcRsHvSfOv6UcA,15,published,2023-08-29T17:00:00.000Z,Europe/Paris,5
8MfalimDv0iiTuCkylT2,"156 Rue de la Nouvelle France, 93100 Montreuil, France",LE FIVE Montreuil,60,23:00,2023-11-22T20:16:11.926Z,48.8613036,2.4653095,10,u9uC1vjdcdQ3UqNxI0SiFxor0m43,ChIJJdTQjr0T5kcRZmGxtIJVy44,8,published,2023-11-22T22:00:00.000Z,Europe/Paris,3
95fQeTKwzBUPeHl808OE,"113 Rue de Curembourg, 45400 Fleury-les-Aubrais, France",LE FIVE Orléans Fleury,60,15:00,2024-03-06T11:37:04.602Z,47.9415754,1.9358176,10,aK807pAjR0fYf1xp6STGgehCREy2,ChIJsYfwe3n75EcRnjpH9sw356Q,6,published,2024-03-06T14:00:00.000Z,heure normale d’Europe centrale,4
9IWjwzrTGSqlwEaAZRzl,"156 Rue de la Nouvelle France, 93100 Montreuil, France",LE FIVE Montreuil,60,12:00,2023-11-22T20:09:47.916Z,48.8613036,2.4653095,10,u9uC1vjdcdQ3UqNxI0SiFxor0m43,ChIJJdTQjr0T5kcRZmGxtIJVy44,7,published,2023-11-22T11:00:00.000Z,Europe/Paris,1
9xjUf8UcoLW0BAEapImM,"41-51 Rue Jacquard, 77400 Lagny-sur-Marne, France",Top Ten,90,23:00,2023-11-06T14:08:35.902Z,48.8729106,2.6840919,10,i27253AGxOfXgYJK72sBnvUGuMk2,ChIJfXprBx4b5kcRmhe-5pLZUek,16.5,published,2023-11-06T22:00:00.000Z,Europe/Paris,1
AkMsJnlxogdIv43thr2l,"36 Rue des Pommiers, 95240 Cormeilles-en-Parisis, France",Foot POWER 5,90,22:30,2023-09-13T21:15:34.534Z,48.960066,2.2061913,10,sss3dYi6nzWd7rEjwcQ30LGKudj1,ChIJuTCIFshm5kcRBtEQJ76dAzc,7,canceled,2023-09-13T20:30:00.000Z,Europe/Paris,4
AthxN4W4CZ3rReJQg6bj,"156 Rue de la Nouvelle France, 93100 Montreuil, France",LE FIVE Montreuil,120,22:00,2023-11-22T20:28:29.853Z,48.8613036,2.4653095,10,u9uC1vjdcdQ3UqNxI0SiFxor0m43,ChIJJdTQjr0T5kcRZmGxtIJVy44,20,published,2023-11-22T21:00:00.000Z,Europe/Paris,6
B63uvv9pF1wZ2wDP5ZCP,"ZI SENIA, 2 Rue du Courson, 94320 Thiais, France",Stadium Thiais,60,12:00,2023-08-29T13:35:00.294Z,48.7511024,2.3713455,10,psf3NmXEPwdCltHKJC7VuvJocrF3,ChIJ64X9jzx05kcRsHvSfOv6UcA,7,published,2023-08-29T10:00:00.000Z,Europe/Paris,3
B7D0jZLpU7E7oXW8ptf6,"215 Rue d'Aubervilliers, 75018 Paris, France",LE FIVE Paris 18,90,22:20,2023-08-30T05:41:18.224Z,48.8978522,2.3700234,10,UQf33jQhVZhle917nO0h7D5qclV2,ChIJpVT4_n1u5kcRzji6FdTBXXo,10,published,2023-08-30T20:20:00.000Z,Europe/Paris,1
BLqLB951NVabl6vbkHEu,"Zone Europarc, 1 Rue le Corbusier, 94000 Créteil, France",LE FIVE Créteil,60,17:00,2023-09-05T13:04:02.753Z,48.7643086,2.4706522,10,ZmXMWx7aTdPoPkkGOWa2HIQVblq2,ChIJ88lx3VwL5kcRVxCh4lD6_Gk,7,published,2023-09-05T15:00:00.000Z,Europe/Paris,3
BPg9WUyeq7GZXSrTJaca,"139 Rue François Mauriac, 13010 Marseille, France",STADIUM FOOT 5 VILLAGE,60,12:00,2024-03-04T15:26:07.057Z,43.269413,5.4260321,10,fnjdH1TDJDcBVFnZjcSuXiImF7p2,ChIJbbOWFtC4yRIR0WXVerbWmnE,10,published,2024-03-04T11:00:00.000Z,Europe/Paris,3
BRyZRQqu4XSGvNin0xGm,"44 Av. Vaucanson, 93370 Montfermeil, France",Footbox,60,21:00,2024-02-06T12:07:39.876Z,48.9022789,2.582647,10,QI89VPazyLhBVnWH871jk4BUEZI3,ChIJY-WkusIR5kcR-tEad3UtaSQ,10,published,2024-02-06T20:00:00.000Z,Europe/Paris,3
BvK6bDLDLDT0RCXbTNpf,"41-51 Rue Jacquard, 77400 Lagny-sur-Marne, France",Top Ten,90,16:30,2024-01-18T21:15:29.940Z,48.8729106,2.6840919,10,i27253AGxOfXgYJK72sBnvUGuMk2,ChIJfXprBx4b5kcRmhe-5pLZUek,15,published,2024-01-18T15:30:00.000Z,Europe/Paris,6
CJavdCbFO94YAHqttMWV,"ZI SENIA, 2 Rue du Courson, 94320 Thiais, France",Stadium Thiais,60,12:00,2023-08-29T13:35:19.010Z,48.7511024,2.3713455,10,psf3NmXEPwdCltHKJC7VuvJocrF3,ChIJ64X9jzx05kcRsHvSfOv6UcA,7,published,2023-08-29T10:00:00.000Z,Europe/Paris,4
CWZONaPgPgfJDwaaXh9R,"10 Rue Henri de France, 95870 Bezons",LE FIVE Bezons,90,17:30,2023-09-05T16:05:29.014Z,48.91909,2.2093051,10,U3MriTZbPbTUEsU6RtRuHxDMKvg2,ChIJ04KEHBZk5kcRoDWLaMOCCwQ,10.5,published,2023-12-18T16:30:00.000Z,Europe/Paris,5
CagOdhZZixnrr7mMs0Zc,"41-51 Rue Jacquard, 77400 Lagny-sur-Marne, France",Top Ten,90,22:30,2023-11-06T14:11:27.872Z,48.8729106,2.6840919,10,i27253AGxOfXgYJK72sBnvUGuMk2,ChIJfXprBx4b5kcRmhe-5pLZUek,16.5,published,2024-01-10T21:30:00.000Z,Europe/Paris,3
Cg1QPCglNiqGX2tfuai8,"51 Av. Roger Salengro, 93120 La Courneuve, France",LE FIVE Marville - La Courneuve,60,17:00,2024-02-29T15:14:59.772Z,48.9361223,2.3872592,10,1GfAHFfqO6dOj37bPrTRuDS5gnk1,ChIJ2dHdMZxr5kcR0aKYHYsp0pY,7,published,2024-02-29T16:00:00.000Z,Europe/Paris,1
ChxhLujA5L2joMyYdGcL,"51 Av. Roger Salengro, 93120 La Courneuve, France",LE FIVE Marville - La Courneuve,60,09:10,2024-02-29T14:19:23.504Z,48.9361223,2.3872592,10,1GfAHFfqO6dOj37bPrTRuDS5gnk1,ChIJ2dHdMZxr5kcR0aKYHYsp0pY,10,published,2024-02-29T08:10:00.000Z,Europe/Paris,6
CxxivJBQHufybT8obBxp,"51 Av. Roger Salengro, 93120 La Courneuve, France",LE FIVE Marville - La Courneuve,60,09:00,2024-02-29T14:19:41.514Z,48.9361223,2.3872592,10,1GfAHFfqO6dOj37bPrTRuDS5gnk1,ChIJ2dHdMZxr5kcR0aKYHYsp0pY,10,published,2024-02-29T08:00:00.000Z,Europe/Paris,7
D4fRuj0mSKUkslE8Bp42,"ZI SENIA, 2 Rue du Courson, 94320 Thiais, France",Stadium Thiais,60,12:00,2023-08-29T13:34:47.054Z,48.7511024,2.3713455,10,psf3NmXEPwdCltHKJC7VuvJocrF3,ChIJ64X9jzx05kcRsHvSfOv6UcA,7,published,2023-08-29T10:00:00.000Z,Europe/Paris,2
DPOsloUhmJeRlmsBeuU3,"50 Rue de la Fosse aux Loups, 95100 Argenteuil, France",Foot-Max Argenteuil,120,14:00,2024-02-01T15:19:12.595Z,48.9501632,2.2093946,10,SuEnyPZ4TgNIkt1yap2yJ3ZHO6p1,ChIJi9oIzaRm5kcRJYcK7QsdRMU,16,published,2024-02-07T13:00:00.000Z,Europe/Paris,6
DhEUHUHc8ruEEQBltT9m,"41-51 Rue Jacquard, 77400 Lagny-sur-Marne, France",Top Ten,90,22:30,2023-11-06T14:10:35.952Z,48.8729106,2.6840919,10,i27253AGxOfXgYJK72sBnvUGuMk2,ChIJfXprBx4b5kcRmhe-5pLZUek,16.5,published,2024-01-10T21:30:00.000Z,Europe/Paris,1
Dz61G157mYPuevSZvOOv,"ZI SENIA, 2 Rue du Courson, 94320 Thiais, France",Stadium Thiais,60,17:30,2024-03-07T17:42:12.035Z,48.7511024,2.3713455,10,psf3NmXEPwdCltHKJC7VuvJocrF3,ChIJ64X9jzx05kcRsHvSfOv6UcA,10,published,2024-03-07T16:30:00.000Z,Europe/Paris,2
EETbIQPCKFZI5nqIzHkB,"51 Av. Roger Salengro, 93120 La Courneuve, France",LE FIVE Marville - La Courneuve,60,17:00,2024-02-29T15:16:02.276Z,48.9361223,2.3872592,10,1GfAHFfqO6dOj37bPrTRuDS5gnk1,ChIJ2dHdMZxr5kcR0aKYHYsp0pY,7,published,2024-02-29T16:00:00.000Z,Europe/Paris,5
EYal7TDtbecBfRdSbFzk,"ZI SENIA, 2 Rue du Courson, 94320 Thiais, France",Stadium Thiais,90,16:00,2023-08-29T13:44:43.105Z,48.7511024,2.3713455,10,psf3NmXEPwdCltHKJC7VuvJocrF3,ChIJ64X9jzx05kcRsHvSfOv6UcA,12,published,2023-08-29T14:00:00.000Z,Europe/Paris,6
EpW7ITsQfkaNb3dmcEeJ,"51 Av. Roger Salengro, 93120 La Courneuve, France",LE FIVE Marville - La Courneuve,60,12:00,2024-02-29T15:16:50.533Z,48.9361223,2.3872592,10,1GfAHFfqO6dOj37bPrTRuDS5gnk1,ChIJ2dHdMZxr5kcR0aKYHYsp0pY,8,published,2024-02-29T11:00:00.000Z,Europe/Paris,3
F40d6KUGVUK5brxvecMy,"44 Av. Vaucanson, 93370 Montfermeil, France",Footbox,60,17:00,2024-02-06T12:24:01.660Z,48.9022789,2.582647,10,QI89VPazyLhBVnWH871jk4BUEZI3,ChIJY-WkusIR5kcR-tEad3UtaSQ,10,published,2024-02-06T16:00:00.000Z,Europe/Paris,7
FK3Ntvvq6SU0sW2tnyMW,"50 Rue de la Fosse aux Loups, 95100 Argenteuil, France",Foot-Max Argenteuil,60,12:00,2024-02-26T13:33:15.395Z,48.9501632,2.2093946,10,SuEnyPZ4TgNIkt1yap2yJ3ZHO6p1,ChIJi9oIzaRm5kcRJYcK7QsdRMU,8,published,2024-02-26T11:00:00.000Z,Europe/Paris,2
FTyiuPuUEXQE08Dox1lb,"10 Rue Henri de France, 95870 Bezons",LE FIVE Bezons,90,12:00,2023-08-31T14:22:35.366Z,48.91909,2.2093051,10,U3MriTZbPbTUEsU6RtRuHxDMKvg2,ChIJ04KEHBZk5kcRoDWLaMOCCwQ,10,published,2023-10-05T10:00:00.000Z,Europe/Paris,5
G1afQ8sDSed00Xp1Z3L2,"156 Rue de la Nouvelle France, 93100 Montreuil, France",LE FIVE Montreuil,60,23:00,2023-11-22T20:11:48.090Z,48.8613036,2.4653095,10,u9uC1vjdcdQ3UqNxI0SiFxor0m43,ChIJJdTQjr0T5kcRZmGxtIJVy44,8,published,2023-11-22T22:00:00.000Z,Europe/Paris,1
GCJu1PeYpZC5TtRdLJFj,"41-51 Rue Jacquard, 77400 Lagny-sur-Marne, France",Top Ten,90,23:00,2023-11-06T14:09:31.356Z,48.8729106,2.6840919,10,i27253AGxOfXgYJK72sBnvUGuMk2,ChIJfXprBx4b5kcRmhe-5pLZUek,16.5,published,2023-11-06T22:00:00.000Z,Europe/Paris,4
GHPw7UYWqOS4w1Phtnj5,"44 Av. Vaucanson, 93370 Montfermeil, France",Footbox,60,20:00,2024-02-06T12:05:22.460Z,48.9022789,2.582647,10,QI89VPazyLhBVnWH871jk4BUEZI3,ChIJY-WkusIR5kcR-tEad3UtaSQ,10,published,2024-02-06T19:00:00.000Z,Europe/Paris,2
GL7Beecuiq4fl9VtITYY,"ZI SENIA, 2 Rue du Courson, 94320 Thiais, France",Stadium Thiais,90,17:30,2023-08-29T13:44:56.121Z,48.7511024,2.3713455,10,psf3NmXEPwdCltHKJC7VuvJocrF3,ChIJ64X9jzx05kcRsHvSfOv6UcA,12,published,2023-08-29T15:30:00.000Z,Europe/Paris,6
GOHKSdxyeBIxf6FLGxWt,"9 Av. de la Porte de Choisy, 75013 Paris, France",LE FIVE Paris 13,60,22:00,2024-02-24T12:30:31.278Z,48.8181615,2.3658793,10,FjSnzlRFFfhWVWQJGfIEwRc2ZMj2,ChIJ_bOSChhz5kcRZMTeq_6Gdzg,10,published,2024-02-24T21:00:00.000Z,Europe/Paris,6
GxfYIyrAvvg4znZXy1aO,"215 Rue d'Aubervilliers, 75018 Paris, France",LE FIVE Paris 18,60,19:45,2024-02-27T11:14:54.127Z,48.8978522,2.3700234,10,UQf33jQhVZhle917nO0h7D5qclV2,ChIJpVT4_n1u5kcRzji6FdTBXXo,12,published,2024-02-27T18:45:00.000Z,Europe/Paris,1
Hf6zEGx69ESvCLJ4LcwW,"215 Rue d'Aubervilliers, 75018 Paris, France",LE FIVE Paris 18,60,17:00,2023-08-30T19:23:14.446Z,48.8978522,2.3700234,10,UQf33jQhVZhle917nO0h7D5qclV2,ChIJpVT4_n1u5kcRzji6FdTBXXo,5,published,2023-08-30T15:00:00.000Z,Europe/Paris,1
Hlxxm5qlUD7omqI4PgpK,"ZI SENIA, 2 Rue du Courson, 94320 Thiais, France",Stadium Thiais,90,22:00,2023-08-29T13:47:59.102Z,48.7511024,2.3713455,10,psf3NmXEPwdCltHKJC7VuvJocrF3,ChIJ64X9jzx05kcRsHvSfOv6UcA,15,published,2023-08-29T20:00:00.000Z,Europe/Paris,7
Hnb5bWirG472qK6N4HC6,"ZI SENIA, 2 Rue du Courson, 94320 Thiais, France",Stadium Thiais,90,11:30,2023-08-29T13:44:30.963Z,48.7511024,2.3713455,10,psf3NmXEPwdCltHKJC7VuvJocrF3,ChIJ64X9jzx05kcRsHvSfOv6UcA,12,published,2023-08-29T09:30:00.000Z,Europe/Paris,6
Hohn7nFCb4d105Zlc8wc,"139 Rue François Mauriac, 13010 Marseille, France",STADIUM FOOT 5 VILLAGE,60,12:00,2024-03-04T15:28:56.096Z,43.269413,5.4260321,10,fnjdH1TDJDcBVFnZjcSuXiImF7p2,ChIJbbOWFtC4yRIR0WXVerbWmnE,10,published,2024-03-04T11:00:00.000Z,Europe/Paris,4
I7mQ5Q0ulzM3dlt8NtEf,"156 Rue de la Nouvelle France, 93100 Montreuil, France",LE FIVE Montreuil,90,12:00,2023-11-22T20:15:07.052Z,48.8613036,2.4653095,10,u9uC1vjdcdQ3UqNxI0SiFxor0m43,ChIJJdTQjr0T5kcRZmGxtIJVy44,10.5,published,2023-11-22T11:00:00.000Z,Europe/Paris,3
IEoES6TgaNO1D8iadQpZ,"41-51 Rue Jacquard, 77400 Lagny-sur-Marne, France",Top Ten,90,17:00,2023-11-06T14:07:40.232Z,48.8729106,2.6840919,10,i27253AGxOfXgYJK72sBnvUGuMk2,ChIJfXprBx4b5kcRmhe-5pLZUek,5,published,2023-11-06T16:00:00.000Z,Europe/Paris,4
IMXloW7wZwgyYmbqkgie,"304 Av. du Pylône, 06600 Antibes, France",Stadium Antibes,60,12:30,2024-03-05T12:15:25.879Z,43.6121609,7.122323,10,w5VZiCXqSxQ40riMnKYLO11xmeJ2,ChIJSSGxg-PUzRIRblID9ACQndc,7,published,2024-03-05T11:30:00.000Z,Europe/Paris,1
IqIzQNqYhuqq8RmTAi26,"Kinshasa, République démocratique du Congo",Kinshasa,90,16:30,2024-01-19T13:46:28.006Z,-4.3032527,15.310528,10,zCvsukfMuuffsuPpSTQwb7MusMD2,ChIJi2oG_jAxahoRjTdSH05-ixY,11,published,2024-01-19T15:30:00.000Z,Europe/Paris,5
ItWGxtfgXYZhZ80CV9X3,"304 Av. du Pylône, 06600 Antibes, France",Stadium Antibes,60,17:00,2024-03-05T12:20:13.086Z,43.6121609,7.122323,10,w5VZiCXqSxQ40riMnKYLO11xmeJ2,ChIJSSGxg-PUzRIRblID9ACQndc,10,published,2024-03-05T16:00:00.000Z,Europe/Paris,3
IyF8EUsXxXK9T29xiqPj,"41-51 Rue Jacquard, 77400 Lagny-sur-Marne, France",Top Ten,90,17:00,2023-11-06T13:18:33.496Z,48.8729106,2.6840919,10,i27253AGxOfXgYJK72sBnvUGuMk2,ChIJfXprBx4b5kcRmhe-5pLZUek,5,published,2023-11-06T16:00:00.000Z,Europe/Paris,2
Iz6osbYeijAKyliqbDgh,"9 Av. de la Prte de Choisy, 75013 Paris, France",LE FIVE Paris 13,60,23:00,2023-09-02T11:41:59.156Z,48.8181615,2.3658793,10,FjSnzlRFFfhWVWQJGfIEwRc2ZMj2,ChIJ_bOSChhz5kcRZMTeq_6Gdzg,10,published,2023-09-02T21:00:00.000Z,Europe/Paris,1
J2JsnMvh8fUzDDPduKIn,"187 Rte de Saint-Leu, 93800 Épinay-sur-Seine, France",FOOT IN FIVE - ÉPINAY-SUR-SEINE,90,18:30,2023-09-19T09:01:41.894Z,48.9552257,2.3328346,10,fSh9muNltcVTK0WIVstxyAAnx7V2,ChIJoUR0syFp5kcRUlStnwluaYY,15,canceled,2023-09-19T16:30:00.000Z,Europe/Paris,4
J9WOQAZVfMyxh0bGlVSA,"ZI SENIA, 2 Rue du Courson, 94320 Thiais, France",Stadium Thiais,60,17:30,2024-03-07T17:42:23.039Z,48.7511024,2.3713455,10,psf3NmXEPwdCltHKJC7VuvJocrF3,ChIJ64X9jzx05kcRsHvSfOv6UcA,10,published,2024-03-07T16:30:00.000Z,Europe/Paris,3
J9bRypsse2o07cskyQBI,"10 Rue Henri de France, 95870 Bezons",LE FIVE Bezons,90,20:00,2023-08-31T14:22:59.873Z,48.91909,2.2093051,10,U3MriTZbPbTUEsU6RtRuHxDMKvg2,ChIJ04KEHBZk5kcRoDWLaMOCCwQ,15,published,2023-10-31T19:00:00.000Z,Europe/Paris,7
JKDu2Y6nqEA8dddftm7F,"156 Rue de la Nouvelle France, 93100 Montreuil, France",LE FIVE Montreuil,90,10:00,2023-11-22T20:14:49.028Z,48.8613036,2.4653095,10,u9uC1vjdcdQ3UqNxI0SiFxor0m43,ChIJJdTQjr0T5kcRZmGxtIJVy44,10.5,published,2023-11-22T09:00:00.000Z,Europe/Paris,3
JLjhScdWzrp3e8NfVFpO,"156 Rue de la Nouvelle France, 93100 Montreuil, France",LE FIVE Montreuil,90,17:30,2023-11-22T20:20:12.084Z,48.8613036,2.4653095,10,u9uC1vjdcdQ3UqNxI0SiFxor0m43,ChIJJdTQjr0T5kcRZmGxtIJVy44,11.5,published,2023-11-22T16:30:00.000Z,Europe/Paris,5
Jj46PODOJLkKSkP87CRx,"ZI SENIA, 2 Rue du Courson, 94320 Thiais, France",Stadium Thiais,60,17:30,2024-03-07T17:42:47.990Z,48.7511024,2.3713455,10,psf3NmXEPwdCltHKJC7VuvJocrF3,ChIJ64X9jzx05kcRsHvSfOv6UcA,10,published,2024-03-07T16:30:00.000Z,Europe/Paris,5
K1nrPQbswDsedVroIWKt,"44 Av. Vaucanson, 93370 Montfermeil, France",Footbox,60,18:00,2024-02-06T12:22:29.695Z,48.9022789,2.582647,10,QI89VPazyLhBVnWH871jk4BUEZI3,ChIJY-WkusIR5kcR-tEad3UtaSQ,10,published,2024-02-06T17:00:00.000Z,Europe/Paris,6
K25ntICCSMEIKBL2yx5g,"36 Rue des Pommiers, 95240 Cormeilles-en-Parisis, France",Foot POWER 5,90,18:00,2023-09-13T21:15:19.543Z,48.960066,2.2061913,10,sss3dYi6nzWd7rEjwcQ30LGKudj1,ChIJuTCIFshm5kcRBtEQJ76dAzc,5,canceled,2023-09-13T16:00:00.000Z,Europe/Paris,4
K8tTGmZg7PVylewP4B6j,"ZI SENIA, 2 Rue du Courson, 94320 Thiais, France",Stadium Thiais,90,15:00,2023-08-29T13:37:02.881Z,48.7511024,2.3713455,10,psf3NmXEPwdCltHKJC7VuvJocrF3,ChIJ64X9jzx05kcRsHvSfOv6UcA,8,published,2023-10-04T13:00:00.000Z,Europe/Paris,5
KeToy0AJVa27eL0qNt7Y,"36 Rue des Pommiers, 95240 Cormeilles-en-Parisis, France",Foot POWER 5,90,18:00,2023-09-11T20:04:28.075Z,48.960066,2.2061913,10,sss3dYi6nzWd7rEjwcQ30LGKudj1,ChIJuTCIFshm5kcRBtEQJ76dAzc,5,canceled,2023-09-13T16:00:00.000Z,Europe/Paris,1
KygbzXGXt9NqYilGZP4B,"156 Rue de la Nouvelle France, 93100 Montreuil, France",LE FIVE Montreuil,90,22:30,2023-11-22T20:14:21.285Z,48.8613036,2.4653095,10,u9uC1vjdcdQ3UqNxI0SiFxor0m43,ChIJJdTQjr0T5kcRZmGxtIJVy44,13.5,published,2023-11-22T21:30:00.000Z,Europe/Paris,2
L2csM6tdlYTwWJ5mt47U,"156 Rue de la Nouvelle France, 93100 Montreuil, France",LE FIVE Montreuil,60,23:00,2023-11-22T20:11:32.132Z,48.8613036,2.4653095,10,u9uC1vjdcdQ3UqNxI0SiFxor0m43,ChIJJdTQjr0T5kcRZmGxtIJVy44,8,published,2023-11-22T22:00:00.000Z,Europe/Paris,
L2jO5HIt6Rcj5DRcKHRI,"187 Rte de Saint-Leu, 93800 Épinay-sur-Seine, France",FOOT IN FIVE - ÉPINAY-SUR-SEINE,90,18:00,2023-09-19T09:00:54.818Z,48.9552257,2.3328346,10,fSh9muNltcVTK0WIVstxyAAnx7V2,ChIJoUR0syFp5kcRUlStnwluaYY,15,canceled,2023-09-19T16:00:00.000Z,Europe/Paris,3
LE9Ut7UMt16xt2cOLqPq,"113 Rue de Curembourg, 45400 Fleury-les-Aubrais, France",LE FIVE Orléans Fleury,60,22:30,2024-03-06T11:44:35.400Z,47.9415754,1.9358176,10,aK807pAjR0fYf1xp6STGgehCREy2,ChIJsYfwe3n75EcRnjpH9sw356Q,9.5,published,2024-03-06T21:30:00.000Z,heure normale d’Europe centrale,4
LJzm8Jum2Qj6drOyy81f,"215 Rue d'Aubervilliers, 75018 Paris, France",LE FIVE Paris 18,90,22:20,2023-09-07T22:10:08.990Z,48.8978522,2.3700234,10,UQf33jQhVZhle917nO0h7D5qclV2,ChIJpVT4_n1u5kcRzji6FdTBXXo,10,published,2023-09-08T20:20:00.000Z,Europe/Paris,5
LKQCbdzksMBE5YRyyTKe,"215 Rue d'Aubervilliers, 75018 Paris, France",LE FIVE Paris 18,60,17:00,2023-08-30T19:23:38.961Z,48.8978522,2.3700234,10,UQf33jQhVZhle917nO0h7D5qclV2,ChIJpVT4_n1u5kcRzji6FdTBXXo,5,published,2023-08-30T15:00:00.000Z,Europe/Paris,3
LNXzdEmFrhriokZ6mUQl,"ZI SENIA, 2 Rue du Courson, 94320 Thiais, France",Stadium Thiais,90,15:00,2023-08-29T13:36:45.582Z,48.7511024,2.3713455,10,psf3NmXEPwdCltHKJC7VuvJocrF3,ChIJ64X9jzx05kcRsHvSfOv6UcA,8,published,2023-10-04T13:00:00.000Z,Europe/Paris,4
LQ6WqUGUBW04vwFg199u,"10 Rue Henri de France, 95870 Bezons",LE FIVE Bezons,90,22:00,2023-08-31T14:19:38.786Z,48.91909,2.2093051,10,U3MriTZbPbTUEsU6RtRuHxDMKvg2,ChIJ04KEHBZk5kcRoDWLaMOCCwQ,14,published,2023-11-01T21:00:00.000Z,Europe/Paris,2
LvENQsKo7ypNhFYsxZrs,"17 Rue Marcelin Berthelot, 92160 Antony, France",Speed Soccer Five,90,18:00,2024-02-09T17:10:44.760Z,48.7360598,2.315058,10,MkTJljXziPXBdRdijccndMLBNCC3,ChIJ2xTNglV25kcR3UDi4AXGfDU,13,published,2024-02-09T17:00:00.000Z,Europe/Paris,2
MMsbDYpvRN5dyc7UOeBd,"41-51 Rue Jacquard, 77400 Lagny-sur-Marne, France",Top Ten,90,22:30,2023-11-06T14:11:54.155Z,48.8729106,2.6840919,10,i27253AGxOfXgYJK72sBnvUGuMk2,ChIJfXprBx4b5kcRmhe-5pLZUek,16.5,published,2024-01-10T21:30:00.000Z,Europe/Paris,5
MN3hRoxmWjDnay27ELd9,"113 Rue de Curembourg, 45400 Fleury-les-Aubrais, France",LE FIVE Orléans Fleury,60,22:30,2024-03-06T11:43:07.168Z,47.9415754,1.9358176,10,aK807pAjR0fYf1xp6STGgehCREy2,ChIJsYfwe3n75EcRnjpH9sw356Q,9.5,published,2024-03-06T21:30:00.000Z,heure normale d’Europe centrale,2
MZeeOnCCyK0ty7gjcy9T,"156 Rue de la Nouvelle France, 93100 Montreuil, France",LE FIVE Montreuil,60,23:00,2023-11-22T20:20:35.677Z,48.8613036,2.4653095,10,u9uC1vjdcdQ3UqNxI0SiFxor0m43,ChIJJdTQjr0T5kcRZmGxtIJVy44,8,published,2023-11-22T22:00:00.000Z,Europe/Paris,5
McAqWY7vD4HFlAZgiSNa,"ZI SENIA, 2 Rue du Courson, 94320 Thiais, France",Stadium Thiais,90,18:00,2023-08-29T13:43:07.419Z,48.7511024,2.3713455,10,psf3NmXEPwdCltHKJC7VuvJocrF3,ChIJ64X9jzx05kcRsHvSfOv6UcA,14,published,2023-08-29T16:00:00.000Z,Europe/Paris,5
MvcbkHOuYY2MiV09dnds,"187 Rte de Saint-Leu, 93800 Épinay-sur-Seine, France",FOOT IN FIVE - ÉPINAY-SUR-SEINE,90,18:00,2023-09-19T08:19:18.562Z,48.9552257,2.3328346,10,fSh9muNltcVTK0WIVstxyAAnx7V2,ChIJoUR0syFp5kcRUlStnwluaYY,15,canceled,2023-09-19T16:00:00.000Z,Europe/Paris,1
N36086UyIelFoNho5J8d,"44 Av. Vaucanson, 93370 Montfermeil, France",Footbox,60,19:00,2024-02-06T12:05:06.575Z,48.9022789,2.582647,10,QI89VPazyLhBVnWH871jk4BUEZI3,ChIJY-WkusIR5kcR-tEad3UtaSQ,10,published,2024-02-06T18:00:00.000Z,Europe/Paris,2
NDonYTrPH3VOtWxdoT9X,"Zone Europarc, 1 Rue le Corbusier, 94000 Créteil, France",LE FIVE Créteil,60,17:00,2023-09-05T13:03:45.744Z,48.7643086,2.4706522,10,ZmXMWx7aTdPoPkkGOWa2HIQVblq2,ChIJ88lx3VwL5kcRVxCh4lD6_Gk,7,published,2023-09-05T15:00:00.000Z,Europe/Paris,2
NL4L4VvOjs04wcnm2KkO,"26 Rue Hélène et François Missoffe, 75017 Paris, France",LE FIVE Paris 17,60,17:00,2023-09-07T12:16:30.599Z,48.900032,2.3213449,10,V6mqbc9C8FNa1RQlUupjeoqOsZL2,ChIJ7eI8sFNv5kcR5xy52Wc57NU,5,published,2023-09-07T15:00:00.000Z,Europe/Paris,3
NfkMPSp3iDALFjkl9UE3,"ZI SENIA, 2 Rue du Courson, 94320 Thiais, France",Stadium Thiais,90,15:00,2023-08-29T13:36:05.873Z,48.7511024,2.3713455,10,psf3NmXEPwdCltHKJC7VuvJocrF3,ChIJ64X9jzx05kcRsHvSfOv6UcA,8,published,2023-10-04T13:00:00.000Z,Europe/Paris,2
NtsmHoLTa2XFsmqGMSbX,"44 Av. Vaucanson, 93370 Montfermeil, France",Footbox,60,20:00,2024-02-06T12:22:41.963Z,48.9022789,2.582647,10,QI89VPazyLhBVnWH871jk4BUEZI3,ChIJY-WkusIR5kcR-tEad3UtaSQ,10,published,2024-02-06T19:00:00.000Z,Europe/Paris,6
O1SukStKTgy28XjB99gg,"44 Av. Vaucanson, 93370 Montfermeil, France",Footbox,60,23:00,2024-02-06T12:24:34.526Z,48.9022789,2.582647,10,QI89VPazyLhBVnWH871jk4BUEZI3,ChIJY-WkusIR5kcR-tEad3UtaSQ,10,published,2024-02-06T22:00:00.000Z,Europe/Paris,7
OvsL5IcJpi6Fcai3sLMN,"Zone Europarc, 1 Rue le Corbusier, 94000 Créteil, France",LE FIVE Créteil,60,17:00,2023-09-05T13:04:45.134Z,48.7643086,2.4706522,10,ZmXMWx7aTdPoPkkGOWa2HIQVblq2,ChIJ88lx3VwL5kcRVxCh4lD6_Gk,7,published,2023-09-05T15:00:00.000Z,Europe/Paris,5
P2ZSZ7PMKIoat80GWw0z,"215 Rue d'Aubervilliers, 75018 Paris, France",LE FIVE Paris 18,60,17:00,2023-08-30T19:24:01.039Z,48.8978522,2.3700234,10,UQf33jQhVZhle917nO0h7D5qclV2,ChIJpVT4_n1u5kcRzji6FdTBXXo,5,published,2023-08-30T15:00:00.000Z,Europe/Paris,4
PJeBOkIFpynSOuoThcH2,"36 Rue des Pommiers, 95240 Cormeilles-en-Parisis, France",Foot POWER 5,90,18:00,2023-09-14T22:34:19.134Z,48.960066,2.2061913,10,sss3dYi6nzWd7rEjwcQ30LGKudj1,ChIJuTCIFshm5kcRBtEQJ76dAzc,5,canceled,2023-09-15T16:00:00.000Z,Europe/Paris,5
PUdWFve5G0HFnZzgp0Sa,"215 Rue d'Aubervilliers, 75018 Paris, France",LE FIVE Paris 18,90,22:20,2023-08-30T05:41:34.581Z,48.8978522,2.3700234,10,UQf33jQhVZhle917nO0h7D5qclV2,ChIJpVT4_n1u5kcRzji6FdTBXXo,10,published,2023-08-30T20:20:00.000Z,Europe/Paris,2
PdqXMT8SKQovc3ua6tep,"41-51 Rue Jacquard, 77400 Lagny-sur-Marne, France",Top Ten,90,23:00,2023-11-06T14:09:42.801Z,48.8729106,2.6840919,10,i27253AGxOfXgYJK72sBnvUGuMk2,ChIJfXprBx4b5kcRmhe-5pLZUek,16.5,published,2023-11-06T22:00:00.000Z,Europe/Paris,5
Pm8OfVlf0ha4SEHNgXbr,"ZI SENIA, 2 Rue du Courson, 94320 Thiais, France",Stadium Thiais,90,16:00,2023-08-29T13:38:56.399Z,48.7511024,2.3713455,10,psf3NmXEPwdCltHKJC7VuvJocrF3,ChIJ64X9jzx05kcRsHvSfOv6UcA,8,published,2023-10-04T14:00:00.000Z,Europe/Paris,4
Q3ZKuqtFo2f8eOMeVAmM,"44 Av. Vaucanson, 93370 Montfermeil, France",Footbox,60,14:00,2024-02-06T11:57:41.862Z,48.9022789,2.582647,10,QI89VPazyLhBVnWH871jk4BUEZI3,ChIJY-WkusIR5kcR-tEad3UtaSQ,7,published,2024-02-12T13:00:00.000Z,Europe/Paris,1
Qaur5xUSyJOR0BDUXuv4,"156 Rue de la Nouvelle France, 93100 Montreuil, France",LE FIVE Montreuil,60,16:00,2023-11-22T20:26:15.701Z,48.8613036,2.4653095,10,u9uC1vjdcdQ3UqNxI0SiFxor0m43,ChIJJdTQjr0T5kcRZmGxtIJVy44,10,published,2023-11-22T15:00:00.000Z,Europe/Paris,6
QbW6jferHduXooUf8Xkt,"36 Rue des Pommiers, 95240 Cormeilles-en-Parisis, France",Foot POWER 5,90,18:00,2023-09-12T06:24:57.188Z,48.960066,2.2061913,10,sss3dYi6nzWd7rEjwcQ30LGKudj1,ChIJuTCIFshm5kcRBtEQJ76dAzc,5,canceled,2023-09-12T16:00:00.000Z,Europe/Paris,3
Qn0LvXqQjy2FX4rp8TLN,"36 Rue des Pommiers, 95240 Cormeilles-en-Parisis, France",Foot POWER 5,90,18:00,2023-09-11T19:31:21.699Z,48.960066,2.2061913,10,sss3dYi6nzWd7rEjwcQ30LGKudj1,ChIJuTCIFshm5kcRBtEQJ76dAzc,5,canceled,2023-09-11T16:00:00.000Z,Europe/Paris,2
QxBCtC8pPCIN8hwdlXZl,"41-51 Rue Jacquard, 77400 Lagny-sur-Marne, France",Top Ten,90,12:00,2023-11-08T09:39:50.190Z,48.8729106,2.6840919,10,i27253AGxOfXgYJK72sBnvUGuMk2,ChIJfXprBx4b5kcRmhe-5pLZUek,5,published,2023-11-08T11:00:00.000Z,Europe/Paris,4
R85G8tKPsjHFK6bg1nUq,"156 Rue de la Nouvelle France, 93100 Montreuil, France",LE FIVE Montreuil,90,17:00,2023-11-22T20:11:15.523Z,48.8613036,2.4653095,10,u9uC1vjdcdQ3UqNxI0SiFxor0m43,ChIJJdTQjr0T5kcRZmGxtIJVy44,11,published,2023-11-22T16:00:00.000Z,Europe/Paris,1
RO2sRslz9zvht1I56gfs,"ZI SENIA, 2 Rue du Courson, 94320 Thiais, France",Stadium Thiais,90,17:30,2023-08-29T13:47:28.696Z,48.7511024,2.3713455,10,psf3NmXEPwdCltHKJC7VuvJocrF3,ChIJ64X9jzx05kcRsHvSfOv6UcA,15,published,2023-08-29T15:30:00.000Z,Europe/Paris,7
RtXhEXXLa3cAVeIAnb3C,"41-51 Rue Jacquard, 77400 Lagny-sur-Marne, France",Top Ten,90,17:00,2023-11-10T20:58:40.694Z,48.8729106,2.6840919,10,i27253AGxOfXgYJK72sBnvUGuMk2,ChIJfXprBx4b5kcRmhe-5pLZUek,5,published,2023-11-10T16:00:00.000Z,Europe/Paris,4
S1FzGcn86gjQct4jLQxk,"Zone Europarc, 1 Rue le Corbusier, 94000 Créteil, France",LE FIVE Créteil,60,17:00,2023-09-05T13:04:24.993Z,48.7643086,2.4706522,10,ZmXMWx7aTdPoPkkGOWa2HIQVblq2,ChIJ88lx3VwL5kcRVxCh4lD6_Gk,7,published,2023-09-05T15:00:00.000Z,Europe/Paris,4
SVK8zCqLB3iwHFiBmB21,In the middle of nowhere,Testing Purposes,90,16:00,2023-10-24T09:14:18.906Z,67.461524,-152.801377,10,f2LrY7SAV3U1V9tUVAZfiMxA3uu1,ChIJIcEOcgsyyIcRdcrrXxtVdGg,12,published,2023-10-24T14:00:00.000Z,Europe/Paris,2
SooYRnyyV7JUcBxqeOuZ,"156 Rue de la Nouvelle France, 93100 Montreuil, France",LE FIVE Montreuil,90,10:00,2023-11-22T20:19:00.365Z,48.8613036,2.4653095,10,u9uC1vjdcdQ3UqNxI0SiFxor0m43,ChIJJdTQjr0T5kcRZmGxtIJVy44,10.5,published,2023-11-22T09:00:00.000Z,Europe/Paris,5
SpkL16UX3OMGLTEj11ZQ,"ZI SENIA, 2 Rue du Courson, 94320 Thiais, France",Stadium Thiais,90,19:00,2023-08-29T13:41:18.065Z,48.7511024,2.3713455,10,psf3NmXEPwdCltHKJC7VuvJocrF3,ChIJ64X9jzx05kcRsHvSfOv6UcA,15,published,2023-08-29T17:00:00.000Z,Europe/Paris,1
SwzsLWTmSLwlnnkLCeSx,"10 Rue Henri de France, 95870 Bezons",LE FIVE Bezons,60,18:00,2023-09-08T09:49:01.349Z,48.91909,2.2093051,10,U3MriTZbPbTUEsU6RtRuHxDMKvg2,ChIJ04KEHBZk5kcRoDWLaMOCCwQ,7,published,2023-11-01T17:00:00.000Z,Europe/Paris,1
SxfLFob5eZysa6c6F62X,"17 Rue Marcelin Berthelot, 92160 Antony, France",Speed Soccer Five,90,18:00,2024-02-09T17:12:13.769Z,48.7360598,2.315058,10,MkTJljXziPXBdRdijccndMLBNCC3,ChIJ2xTNglV25kcR3UDi4AXGfDU,13,published,2024-02-09T17:00:00.000Z,Europe/Paris,1
T6CjcTPWEN6fSTvY0OOh,"26 Rue Hélène et François Missoffe, 75017 Paris, France",LE FIVE Paris 17,60,17:00,2023-09-07T12:16:47.218Z,48.900032,2.3213449,10,V6mqbc9C8FNa1RQlUupjeoqOsZL2,ChIJ7eI8sFNv5kcR5xy52Wc57NU,5,published,2023-09-07T15:00:00.000Z,Europe/Paris,4
TBA0gtlrCyj4uefJyEEx,"ZI SENIA, 2 Rue du Courson, 94320 Thiais, France",Stadium Thiais,60,17:00,2024-03-07T17:39:42.526Z,48.7511024,2.3713455,10,psf3NmXEPwdCltHKJC7VuvJocrF3,ChIJ64X9jzx05kcRsHvSfOv6UcA,8,published,2024-03-07T16:00:00.000Z,Europe/Paris,1
TkDj3yg6mSBnx33RDHDz,"44 Av. Vaucanson, 93370 Montfermeil, France",Footbox,60,16:00,2024-02-06T12:17:52.669Z,48.9022789,2.582647,10,QI89VPazyLhBVnWH871jk4BUEZI3,ChIJY-WkusIR5kcR-tEad3UtaSQ,7,published,2024-02-06T15:00:00.000Z,Europe/Paris,5
TnSk6SPiYSnHJYoyss3B,"ZI SENIA, 2 Rue du Courson, 94320 Thiais, France",Stadium Thiais,90,11:30,2024-02-25T12:34:17.788Z,48.7511024,2.3713455,12,psf3NmXEPwdCltHKJC7VuvJocrF3,ChIJ64X9jzx05kcRsHvSfOv6UcA,15,published,2024-02-25T10:30:00.000Z,Europe/Paris,7
U7eN04cMJWov0STKhNLu,"ZI SENIA, 2 Rue du Courson, 94320 Thiais, France",Stadium Thiais,90,16:00,2023-08-29T13:37:48.469Z,48.7511024,2.3713455,10,psf3NmXEPwdCltHKJC7VuvJocrF3,ChIJ64X9jzx05kcRsHvSfOv6UcA,8,published,2023-10-04T14:00:00.000Z,Europe/Paris,3
UKfCImIdPCQ2znmqkdxF,"187 Rte de Saint-Leu, 93800 Épinay-sur-Seine, France",FOOT IN FIVE - ÉPINAY-SUR-SEINE,90,19:30,2023-09-19T09:01:08.675Z,48.9552257,2.3328346,10,fSh9muNltcVTK0WIVstxyAAnx7V2,ChIJoUR0syFp5kcRUlStnwluaYY,15,canceled,2023-09-19T17:30:00.000Z,Europe/Paris,3
UKwD3YrNVYMxyAfHXjey,"113 Rue de Curembourg, 45400 Fleury-les-Aubrais, France",LE FIVE Orléans Fleury,60,15:00,2024-03-06T11:39:37.293Z,47.9415754,1.9358176,10,aK807pAjR0fYf1xp6STGgehCREy2,ChIJsYfwe3n75EcRnjpH9sw356Q,6,published,2024-03-06T14:00:00.000Z,heure normale d’Europe centrale,2
Uf0ZSkAumim9K3BtNLCr,"Decathlon Village - La Petite Bastide, RN 8 Av. des Chabauds, 13320 Bouc-Bel-Air, France",Monclub Futbol,90,16:30,2023-09-07T05:42:31.426Z,43.4299152,5.4001974,10,CSTy9rmJRQSyWlqWuGiUhGpAGqf2,ChIJGbxxaamUyRIRgGvhHnhJStA,12,published,2023-12-05T15:30:00.000Z,Europe/Paris,6
UkxFVux2CVlAcn1jBI8J,"ZI SENIA, 2 Rue du Courson, 94320 Thiais, France",Stadium Thiais,90,22:00,2023-08-29T13:41:59.131Z,48.7511024,2.3713455,10,psf3NmXEPwdCltHKJC7VuvJocrF3,ChIJ64X9jzx05kcRsHvSfOv6UcA,14,published,2023-08-29T20:00:00.000Z,Europe/Paris,2
UwA2zjUryRxVJGKQ4oHd,"36 Rue des Pommiers, 95240 Cormeilles-en-Parisis, France",Foot POWER 5,90,22:30,2023-09-12T06:23:43.723Z,48.960066,2.2061913,10,sss3dYi6nzWd7rEjwcQ30LGKudj1,ChIJuTCIFshm5kcRBtEQJ76dAzc,7,canceled,2023-09-12T20:30:00.000Z,Europe/Paris,2
VBtcQlPrgbJm767vmlye,"10 Rue Henri de France, 95870 Bezons",LE FIVE Bezons,90,17:30,2023-09-05T16:04:50.170Z,48.91909,2.2093051,10,U3MriTZbPbTUEsU6RtRuHxDMKvg2,ChIJ04KEHBZk5kcRoDWLaMOCCwQ,10.5,published,2023-12-18T16:30:00.000Z,Europe/Paris,3
Vt1nRv9CSlbHJFhVh64U,"ZI SENIA, 2 Rue du Courson, 94320 Thiais, France",Stadium Thiais,90,13:00,2023-08-29T13:48:44.016Z,48.7511024,2.3713455,10,psf3NmXEPwdCltHKJC7VuvJocrF3,ChIJ64X9jzx05kcRsHvSfOv6UcA,15,published,2023-08-29T11:00:00.000Z,Europe/Paris,7
VxYJ8Bi8yEajdfzRemg9,"41-51 Rue Jacquard, 77400 Lagny-sur-Marne, France",Top Ten,90,17:00,2023-11-06T14:07:20.545Z,48.8729106,2.6840919,10,i27253AGxOfXgYJK72sBnvUGuMk2,ChIJfXprBx4b5kcRmhe-5pLZUek,5,published,2023-11-06T16:00:00.000Z,Europe/Paris,3
WUtzNeSJLmxQ3vNzaJja,"113 Rue de Curembourg, 45400 Fleury-les-Aubrais, France",LE FIVE Orléans Fleury,60,15:00,2024-03-06T11:40:41.875Z,47.9415754,1.9358176,10,aK807pAjR0fYf1xp6STGgehCREy2,ChIJsYfwe3n75EcRnjpH9sw356Q,6,published,2024-03-06T14:00:00.000Z,heure normale d’Europe centrale,1
WiReewlSv7lcU7ipeNN5,"10 Rue Henri de France, 95870 Bezons",LE FIVE Bezons,90,21:00,2023-08-31T14:29:17.914Z,48.91909,2.2093051,10,U3MriTZbPbTUEsU6RtRuHxDMKvg2,ChIJ04KEHBZk5kcRoDWLaMOCCwQ,13.5,published,2023-10-29T20:00:00.000Z,Europe/Paris,6
WulZD4z9rvXHbaySWKQ8,"ZI SENIA, 2 Rue du Courson, 94320 Thiais, France",Stadium Thiais,60,17:00,2024-03-07T17:40:41.472Z,48.7511024,2.3713455,10,psf3NmXEPwdCltHKJC7VuvJocrF3,ChIJ64X9jzx05kcRsHvSfOv6UcA,8,published,2024-03-07T16:00:00.000Z,Europe/Paris,5
X0AMgyjm5Sc2D0tpBLE1,"36 Rue des Pommiers, 95240 Cormeilles-en-Parisis, France",Foot POWER 5,90,22:30,2023-09-11T08:52:05.629Z,48.960066,2.2061913,10,sss3dYi6nzWd7rEjwcQ30LGKudj1,ChIJuTCIFshm5kcRBtEQJ76dAzc,7,canceled,2023-09-13T20:30:00.000Z,Europe/Paris,1
XGtcjMVsT6jRcwl3Rosk,"ZI SENIA, 2 Rue du Courson, 94320 Thiais, France",Stadium Thiais,60,17:00,2024-03-07T17:40:13.407Z,48.7511024,2.3713455,10,psf3NmXEPwdCltHKJC7VuvJocrF3,ChIJ64X9jzx05kcRsHvSfOv6UcA,8,published,2024-03-07T16:00:00.000Z,Europe/Paris,3
XTuJY40k0yzxWXusaplt,"Zone Europarc, 1 Rue le Corbusier, 94000 Créteil, France",LE FIVE Créteil,60,17:00,2023-09-05T13:03:26.613Z,48.7643086,2.4706522,10,ZmXMWx7aTdPoPkkGOWa2HIQVblq2,ChIJ88lx3VwL5kcRVxCh4lD6_Gk,7,published,2023-09-05T15:00:00.000Z,Europe/Paris,1
XVe282dOKBWAd66lDdFq,"139 Rue François Mauriac, 13010 Marseille, France",STADIUM FOOT 5 VILLAGE,60,19:00,2024-03-04T15:28:13.146Z,43.269413,5.4260321,10,fnjdH1TDJDcBVFnZjcSuXiImF7p2,ChIJbbOWFtC4yRIR0WXVerbWmnE,10,published,2024-03-04T18:00:00.000Z,Europe/Paris,5
XpVQVYWCxIUO4eaX5vRc,"156 Rue de la Nouvelle France, 93100 Montreuil, France",LE FIVE Montreuil,90,12:30,2023-11-22T20:19:19.300Z,48.8613036,2.4653095,10,u9uC1vjdcdQ3UqNxI0SiFxor0m43,ChIJJdTQjr0T5kcRZmGxtIJVy44,10.5,published,2023-11-22T11:30:00.000Z,Europe/Paris,5
XxpyrsRBlLZlMTkM6JhF,"44 Av. Vaucanson, 93370 Montfermeil, France",Footbox,60,19:00,2024-02-06T12:02:14.074Z,48.9022789,2.582647,10,QI89VPazyLhBVnWH871jk4BUEZI3,ChIJY-WkusIR5kcR-tEad3UtaSQ,10,published,2024-02-06T18:00:00.000Z,Europe/Paris,1
Y2Z3O9XIeLSw2OferP8p,"41-51 Rue Jacquard, 77400 Lagny-sur-Marne, France",Top Ten,90,17:00,2023-11-06T14:06:52.581Z,48.8729106,2.6840919,10,i27253AGxOfXgYJK72sBnvUGuMk2,ChIJfXprBx4b5kcRmhe-5pLZUek,5,published,2023-11-06T16:00:00.000Z,Europe/Paris,3
Y4SggDTtMY3i6Rjnqxcj,"44 Av. Vaucanson, 93370 Montfermeil, France",Footbox,60,23:00,2024-02-06T12:03:33.141Z,48.9022789,2.582647,10,QI89VPazyLhBVnWH871jk4BUEZI3,ChIJY-WkusIR5kcR-tEad3UtaSQ,10,published,2024-02-06T22:00:00.000Z,Europe/Paris,1
Y6pdQw7Bs5RK9s1EWIg2,"ZI SENIA, 2 Rue du Courson, 94320 Thiais, France",Stadium Thiais,90,10:30,2023-08-29T13:44:15.090Z,48.7511024,2.3713455,10,psf3NmXEPwdCltHKJC7VuvJocrF3,ChIJ64X9jzx05kcRsHvSfOv6UcA,12,published,2023-08-29T08:30:00.000Z,Europe/Paris,6
YikGa20ItPckFamABWhR,"ZI SENIA, 2 Rue du Courson, 94320 Thiais, France",Stadium Thiais,90,13:00,2023-08-29T13:47:03.305Z,48.7511024,2.3713455,10,psf3NmXEPwdCltHKJC7VuvJocrF3,ChIJ64X9jzx05kcRsHvSfOv6UcA,15,published,2023-08-29T11:00:00.000Z,Europe/Paris,6
Ynn6ivJeGM8Nz5PCMsDy,"ZI SENIA, 2 Rue du Courson, 94320 Thiais, France",Stadium Thiais,90,17:30,2023-08-29T13:39:56.587Z,48.7511024,2.3713455,10,psf3NmXEPwdCltHKJC7VuvJocrF3,ChIJ64X9jzx05kcRsHvSfOv6UcA,10,published,2023-08-29T15:30:00.000Z,Europe/Paris,2
YvnUB1piQRy71SOJ4OBi,"ZI SENIA, 2 Rue du Courson, 94320 Thiais, France",Stadium Thiais,60,17:30,2024-03-07T17:42:35.656Z,48.7511024,2.3713455,10,psf3NmXEPwdCltHKJC7VuvJocrF3,ChIJ64X9jzx05kcRsHvSfOv6UcA,10,published,2024-03-07T16:30:00.000Z,Europe/Paris,4
Z26x0rVp2PkMyYJ9936U,"44 Av. Vaucanson, 93370 Montfermeil, France",Footbox,60,22:00,2024-02-06T11:51:06.825Z,48.9022789,2.582647,10,QI89VPazyLhBVnWH871jk4BUEZI3,ChIJY-WkusIR5kcR-tEad3UtaSQ,10,published,2024-02-06T21:00:00.000Z,Europe/Paris,3
Z60XbKo8q6MH9EvqAqJw,"44 Av. Vaucanson, 93370 Montfermeil, France",Footbox,60,15:00,2024-02-06T12:17:45.350Z,48.9022789,2.582647,10,QI89VPazyLhBVnWH871jk4BUEZI3,ChIJY-WkusIR5kcR-tEad3UtaSQ,7,published,2024-02-06T14:00:00.000Z,Europe/Paris,5
ZEDY3Q6849TAtr5ehhSg,"111 Rue Alexandre Fourny, 94500 Champigny-sur-Marne, France",LE FIVE Champigny,60,18:00,2023-09-04T13:16:06.431Z,48.8194084,2.5251846,10,evlV9mUgATYQ5343zpYZvk4w0r03,ChIJsXi1PLYN5kcRTVVDuczgS2s,11,published,2023-09-04T16:00:00.000Z,Europe/Paris,4
aM6PO0CzkqMIng1oQpVl,"41-51 Rue Jacquard, 77400 Lagny-sur-Marne, France",Top Ten,90,12:00,2023-11-08T09:39:40.114Z,48.8729106,2.6840919,10,i27253AGxOfXgYJK72sBnvUGuMk2,ChIJfXprBx4b5kcRmhe-5pLZUek,5,published,2023-11-08T11:00:00.000Z,Europe/Paris,3
aNKr8RYRTOF5BJbNGWNt,"36 Rue des Pommiers, 95240 Cormeilles-en-Parisis, France",Foot POWER 5,90,22:30,2023-09-11T19:31:34.226Z,48.960066,2.2061913,10,sss3dYi6nzWd7rEjwcQ30LGKudj1,ChIJuTCIFshm5kcRBtEQJ76dAzc,7,canceled,2023-09-11T20:30:00.000Z,Europe/Paris,2
aPbzghOUOyTm8kmyfNdw,"44 Av. Vaucanson, 93370 Montfermeil, France",Footbox,60,23:00,2024-02-06T12:05:52.960Z,48.9022789,2.582647,10,QI89VPazyLhBVnWH871jk4BUEZI3,ChIJY-WkusIR5kcR-tEad3UtaSQ,10,published,2024-02-06T22:00:00.000Z,Europe/Paris,2
aQqAxnDQieAsy5oQD82Z,"ZI SENIA, 2 Rue du Courson, 94320 Thiais, France",Stadium Thiais,90,16:00,2023-08-29T13:47:16.754Z,48.7511024,2.3713455,10,psf3NmXEPwdCltHKJC7VuvJocrF3,ChIJ64X9jzx05kcRsHvSfOv6UcA,15,published,2023-08-29T14:00:00.000Z,Europe/Paris,7
as2m0T7HeLRjWzy6Upit,"187 Rte de Saint-Leu, 93800 Épinay-sur-Seine, France",FOOT IN FIVE - ÉPINAY-SUR-SEINE,90,18:30,2023-09-19T09:02:12.313Z,48.9552257,2.3328346,10,fSh9muNltcVTK0WIVstxyAAnx7V2,ChIJoUR0syFp5kcRUlStnwluaYY,15,canceled,2023-09-19T16:30:00.000Z,Europe/Paris,5
autf5FgwxAe3cewMozEL,"ZI SENIA, 2 Rue du Courson, 94320 Thiais, France",Stadium Thiais,90,11:30,2023-08-29T13:46:48.739Z,48.7511024,2.3713455,10,psf3NmXEPwdCltHKJC7VuvJocrF3,ChIJ64X9jzx05kcRsHvSfOv6UcA,15,published,2023-08-29T09:30:00.000Z,Europe/Paris,7
bAXsR9V3czqvW3HZxNkY,"41-51 Rue Jacquard, 77400 Lagny-sur-Marne, France",Top Ten,90,12:00,2024-01-18T21:19:06.290Z,48.8729106,2.6840919,10,i27253AGxOfXgYJK72sBnvUGuMk2,ChIJfXprBx4b5kcRmhe-5pLZUek,15,published,2024-01-18T11:00:00.000Z,Europe/Paris,7
bgRS6A0AAgdT3ail6MtW,"ZI SENIA, 2 Rue du Courson, 94320 Thiais, France",Stadium Thiais,90,15:00,2023-08-29T13:35:54.526Z,48.7511024,2.3713455,10,psf3NmXEPwdCltHKJC7VuvJocrF3,ChIJ64X9jzx05kcRsHvSfOv6UcA,8,published,2023-10-04T13:00:00.000Z,Europe/Paris,1
byOJhFUo2EDI68IVjMqd,"304 Av. du Pylône, 06600 Antibes, France",Stadium Antibes,60,12:30,2024-03-05T12:17:50.844Z,43.6121609,7.122323,10,w5VZiCXqSxQ40riMnKYLO11xmeJ2,ChIJSSGxg-PUzRIRblID9ACQndc,7,published,2024-03-05T11:30:00.000Z,Europe/Paris,5
c0YdvzJPopTTSMXZP1oO,"113 Rue de Curembourg, 45400 Fleury-les-Aubrais, France",LE FIVE Orléans Fleury,60,9:00,2024-03-06T11:38:59.706Z,47.9415754,1.9358176,10,aK807pAjR0fYf1xp6STGgehCREy2,ChIJsYfwe3n75EcRnjpH9sw356Q,9.5,published,2024-03-06T08:00:00.000Z,heure normale d’Europe centrale,6
cTBUTrhKbMl5azoc6hHY,"ZI SENIA, 2 Rue du Courson, 94320 Thiais, France",Stadium Thiais,90,19:00,2023-08-29T13:42:44.520Z,48.7511024,2.3713455,10,psf3NmXEPwdCltHKJC7VuvJocrF3,ChIJ64X9jzx05kcRsHvSfOv6UcA,15,published,2023-08-29T17:00:00.000Z,Europe/Paris,4
cdr0N8CZ1z8D7MiQY0NY,"50 Rue de la Fosse aux Loups, 95100 Argenteuil, France",Foot-Max Argenteuil,60,19:00,2023-09-04T15:13:04.269Z,48.9501632,2.2093946,10,SuEnyPZ4TgNIkt1yap2yJ3ZHO6p1,ChIJi9oIzaRm5kcRJYcK7QsdRMU,7,canceled,2023-10-02T17:00:00.000Z,Europe/Paris,2
cfiS5qvJ6WjBZp2FnXrx,"156 Rue de la Nouvelle France, 93100 Montreuil, France",LE FIVE Montreuil,90,14:00,2023-11-22T20:29:32.880Z,48.8613036,2.4653095,10,u9uC1vjdcdQ3UqNxI0SiFxor0m43,ChIJJdTQjr0T5kcRZmGxtIJVy44,15,published,2023-11-22T13:00:00.000Z,Europe/Paris,7
cqeumQOO8zkA24Uspw6e,"51 Av. Roger Salengro, 93120 La Courneuve, France",LE FIVE Marville - La Courneuve,60,17:00,2024-02-29T15:15:25.189Z,48.9361223,2.3872592,10,1GfAHFfqO6dOj37bPrTRuDS5gnk1,ChIJ2dHdMZxr5kcR0aKYHYsp0pY,7,published,2024-02-29T16:00:00.000Z,Europe/Paris,2
csPDq6HcOnHqRpfFdWWe,"156 Rue de la Nouvelle France, 93100 Montreuil, France",LE FIVE Montreuil,90,14:00,2023-11-22T20:21:09.835Z,48.8613036,2.4653095,10,u9uC1vjdcdQ3UqNxI0SiFxor0m43,ChIJJdTQjr0T5kcRZmGxtIJVy44,15,published,2023-11-22T13:00:00.000Z,Europe/Paris,6
cxGN0zMJuxPvZfrPgx8l,"215 Rue d'Aubervilliers, 75018 Paris, France",LE FIVE Paris 18,90,22:20,2023-08-30T05:42:01.446Z,48.8978522,2.3700234,10,UQf33jQhVZhle917nO0h7D5qclV2,ChIJpVT4_n1u5kcRzji6FdTBXXo,10,published,2023-08-30T20:20:00.000Z,Europe/Paris,4
cxy10gzr2N7ZW065M9hL,"ZI SENIA, 2 Rue du Courson, 94320 Thiais, France",Stadium Thiais,90,22:00,2023-08-29T13:42:55.345Z,48.7511024,2.3713455,10,psf3NmXEPwdCltHKJC7VuvJocrF3,ChIJ64X9jzx05kcRsHvSfOv6UcA,14,published,2023-08-29T20:00:00.000Z,Europe/Paris,4
dEdC9LePyB2EDM4QsbJR,"ZI SENIA, 2 Rue du Courson, 94320 Thiais, France",Stadium Thiais,90,19:00,2023-08-29T13:45:08.369Z,48.7511024,2.3713455,10,psf3NmXEPwdCltHKJC7VuvJocrF3,ChIJ64X9jzx05kcRsHvSfOv6UcA,15,published,2023-08-29T17:00:00.000Z,Europe/Paris,6
dIHZ27CyiK9ATYBy1lZh,"ZI SENIA, 2 Rue du Courson, 94320 Thiais, France",Stadium Thiais,60,12:00,2023-08-29T13:35:31.785Z,48.7511024,2.3713455,10,psf3NmXEPwdCltHKJC7VuvJocrF3,ChIJ64X9jzx05kcRsHvSfOv6UcA,7,published,2023-08-29T10:00:00.000Z,Europe/Paris,5
ddaHWhmot9Kwm9IuL6Ai,"41-51 Rue Jacquard, 77400 Lagny-sur-Marne, France",Top Ten,90,17:00,2023-11-06T14:08:18.763Z,48.8729106,2.6840919,10,i27253AGxOfXgYJK72sBnvUGuMk2,ChIJfXprBx4b5kcRmhe-5pLZUek,5,published,2023-11-06T16:00:00.000Z,Europe/Paris,5
dqbThsDVIMUbbl4PfRsZ,"41-51 Rue Jacquard, 77400 Lagny-sur-Marne, France",Top Ten,90,22:30,2023-11-06T14:11:37.169Z,48.8729106,2.6840919,10,i27253AGxOfXgYJK72sBnvUGuMk2,ChIJfXprBx4b5kcRmhe-5pLZUek,16.5,published,2024-01-10T21:30:00.000Z,Europe/Paris,4
dzOizbg7yiGe0P6kipzt,"44 Av. Vaucanson, 93370 Montfermeil, France",Footbox,60,15:00,2024-02-06T12:15:38.069Z,48.9022789,2.582647,10,QI89VPazyLhBVnWH871jk4BUEZI3,ChIJY-WkusIR5kcR-tEad3UtaSQ,7,published,2024-02-06T14:00:00.000Z,Europe/Paris,4
e19BOwqMvVffB4CIQf6u,"ZI SENIA, 2 Rue du Courson, 94320 Thiais, France",Stadium Thiais,90,17:30,2023-08-29T13:40:10.744Z,48.7511024,2.3713455,10,psf3NmXEPwdCltHKJC7VuvJocrF3,ChIJ64X9jzx05kcRsHvSfOv6UcA,10,published,2023-08-29T15:30:00.000Z,Europe/Paris,3
eD5P4whGml9hUw5h9hNu,"156 Rue de la Nouvelle France, 93100 Montreuil, France",LE FIVE Montreuil,90,12:00,2023-11-22T20:16:51.800Z,48.8613036,2.4653095,10,u9uC1vjdcdQ3UqNxI0SiFxor0m43,ChIJJdTQjr0T5kcRZmGxtIJVy44,10.5,published,2023-11-22T11:00:00.000Z,Europe/Paris,4
el9DPhMTU3wrnj0bzNJ8,"44 Av. Vaucanson, 93370 Montfermeil, France",Footbox,60,13:00,2024-02-06T12:21:59.916Z,48.9022789,2.582647,10,QI89VPazyLhBVnWH871jk4BUEZI3,ChIJY-WkusIR5kcR-tEad3UtaSQ,10,published,2024-02-06T12:00:00.000Z,Europe/Paris,6
esB2HxdJFvjd2zyuRQm0,"44 Av. Vaucanson, 93370 Montfermeil, France",Footbox,60,15:00,2024-02-06T12:04:21.227Z,48.9022789,2.582647,10,QI89VPazyLhBVnWH871jk4BUEZI3,ChIJY-WkusIR5kcR-tEad3UtaSQ,7,published,2024-02-06T14:00:00.000Z,Europe/Paris,2
f1PAUfhpkxeC6MrghbC8,"44 Av. Vaucanson, 93370 Montfermeil, France",Footbox,60,17:00,2024-02-06T12:04:41.708Z,48.9022789,2.582647,10,QI89VPazyLhBVnWH871jk4BUEZI3,ChIJY-WkusIR5kcR-tEad3UtaSQ,7,published,2024-02-06T16:00:00.000Z,Europe/Paris,2
fOXaxoZHTxw8FcsorZAs,"Kinshasa, République démocratique du Congo",Kinshasa,90,12:23,2024-01-21T08:03:29.375Z,-4.3032527,15.310528,10,zCvsukfMuuffsuPpSTQwb7MusMD2,ChIJi2oG_jAxahoRjTdSH05-ixY,12,published,2024-01-21T11:23:00.000Z,Europe/Paris,7
fRks0fSODpf4bMqhbvQt,"ZI SENIA, 2 Rue du Courson, 94320 Thiais, France",Stadium Thiais,90,17:30,2023-08-29T13:40:44.418Z,48.7511024,2.3713455,10,psf3NmXEPwdCltHKJC7VuvJocrF3,ChIJ64X9jzx05kcRsHvSfOv6UcA,10,published,2023-08-29T15:30:00.000Z,Europe/Paris,5
fa1GfhFzRVdox7OFQvWh,"44 Av. Vaucanson, 93370 Montfermeil, France",Footbox,60,14:00,2024-02-06T12:06:42.210Z,48.9022789,2.582647,10,QI89VPazyLhBVnWH871jk4BUEZI3,ChIJY-WkusIR5kcR-tEad3UtaSQ,7,published,2024-02-06T13:00:00.000Z,Europe/Paris,3
fdVWm0NAmHuebLW0apM5,"44 Av. Vaucanson, 93370 Montfermeil, France",Footbox,60,16:00,2024-02-06T12:23:57.011Z,48.9022789,2.582647,10,QI89VPazyLhBVnWH871jk4BUEZI3,ChIJY-WkusIR5kcR-tEad3UtaSQ,10,published,2024-02-06T15:00:00.000Z,Europe/Paris,7
fkSOWbdK2eE10Fk2ZIlV,"304 Av. du Pylône, 06600 Antibes, France",Stadium Antibes,60,17:00,2024-03-05T12:16:07.436Z,43.6121609,7.122323,10,w5VZiCXqSxQ40riMnKYLO11xmeJ2,ChIJSSGxg-PUzRIRblID9ACQndc,10,published,2024-03-05T16:00:00.000Z,Europe/Paris,5
foYDMAEdnttMrYfmjmO1,"111 Rue Alexandre Fourny, 94500 Champigny-sur-Marne, France",LE FIVE Champigny,60,17:00,2023-09-04T13:09:02.689Z,48.8194084,2.5251846,10,evlV9mUgATYQ5343zpYZvk4w0r03,ChIJsXi1PLYN5kcRTVVDuczgS2s,7,published,2023-09-04T15:00:00.000Z,Europe/Paris,2
fteeF3HJb0Ea1ExS8afY,"36 Rue des Pommiers, 95240 Cormeilles-en-Parisis, France",Foot POWER 5,90,09:00,2023-09-20T03:02:08.712Z,48.960066,2.2061913,10,sss3dYi6nzWd7rEjwcQ30LGKudj1,ChIJuTCIFshm5kcRBtEQJ76dAzc,10,canceled,2023-09-20T07:00:00.000Z,Europe/Paris,7
gAMkbhe6H0Cf5VXeQWVJ,"44 Av. Vaucanson, 93370 Montfermeil, France",Footbox,60,14:00,2024-02-06T12:22:06.944Z,48.9022789,2.582647,10,QI89VPazyLhBVnWH871jk4BUEZI3,ChIJY-WkusIR5kcR-tEad3UtaSQ,10,published,2024-02-06T13:00:00.000Z,Europe/Paris,6
gTQYpLAaHjFbLQDfEZUl,"44 Av. Vaucanson, 93370 Montfermeil, France",Footbox,60,19:00,2024-02-06T12:07:22.225Z,48.9022789,2.582647,10,QI89VPazyLhBVnWH871jk4BUEZI3,ChIJY-WkusIR5kcR-tEad3UtaSQ,10,published,2024-02-06T18:00:00.000Z,Europe/Paris,3
geD6Bb6hZaiflMj9CPY0,"44 Av. Vaucanson, 93370 Montfermeil, France",Footbox,60,16:00,2024-02-06T12:07:01.878Z,48.9022789,2.582647,10,QI89VPazyLhBVnWH871jk4BUEZI3,ChIJY-WkusIR5kcR-tEad3UtaSQ,7,published,2024-02-06T15:00:00.000Z,Europe/Paris,3
ggztGRwqm30Z3gosOS1e,"36 Rue des Pommiers, 95240 Cormeilles-en-Parisis, France",Foot POWER 5,90,22:30,2023-09-12T06:25:27.868Z,48.960066,2.2061913,10,sss3dYi6nzWd7rEjwcQ30LGKudj1,ChIJuTCIFshm5kcRBtEQJ76dAzc,7,canceled,2023-09-12T20:30:00.000Z,Europe/Paris,3
h1e7D5Ux6xeRmIzLCBX8,"41-51 Rue Jacquard, 77400 Lagny-sur-Marne, France",Top Ten,90,17:00,2024-02-01T11:49:43.763Z,48.8729106,2.6840919,10,i27253AGxOfXgYJK72sBnvUGuMk2,ChIJfXprBx4b5kcRmhe-5pLZUek,5,published,2024-02-01T16:00:00.000Z,Europe/Paris,5
hXHuQxPFkvHo3fhSE132,"187 Rte de Saint-Leu, 93800 Épinay-sur-Seine, France",FOOT IN FIVE - ÉPINAY-SUR-SEINE,90,13:00,2023-09-19T09:02:59.852Z,48.9552257,2.3328346,10,fSh9muNltcVTK0WIVstxyAAnx7V2,ChIJoUR0syFp5kcRUlStnwluaYY,15,canceled,2023-09-19T11:00:00.000Z,Europe/Paris,6
hf9wPFimO2fmCIgtuOLN,"36 Rue des Pommiers, 95240 Cormeilles-en-Parisis, France",Foot POWER 5,90,21:00,2023-09-11T19:31:55.844Z,48.960066,2.2061913,10,sss3dYi6nzWd7rEjwcQ30LGKudj1,ChIJuTCIFshm5kcRBtEQJ76dAzc,7,canceled,2023-09-11T19:00:00.000Z,Europe/Paris,2
htyjNBvawmyMXRPAKwFI,"26 Rue Hélène et François Missoffe, 75017 Paris, France",LE FIVE Paris 17,60,17:00,2023-09-07T12:16:15.375Z,48.900032,2.3213449,10,V6mqbc9C8FNa1RQlUupjeoqOsZL2,ChIJ7eI8sFNv5kcR5xy52Wc57NU,5,published,2023-09-07T15:00:00.000Z,Europe/Paris,2
i8L1q2JeKDmkA9ctSyQo,"10 Rue Henri de France, 95870 Bezons",LE FIVE Bezons,90,22:00,2023-08-31T14:21:47.397Z,48.91909,2.2093051,10,U3MriTZbPbTUEsU6RtRuHxDMKvg2,ChIJ04KEHBZk5kcRoDWLaMOCCwQ,14,published,2023-10-29T21:00:00.000Z,Europe/Paris,4
iRQfSjuU9kK6xuC0WegU,"44 Av. Vaucanson, 93370 Montfermeil, France",Footbox,60,22:00,2024-02-06T12:02:50.857Z,48.9022789,2.582647,10,QI89VPazyLhBVnWH871jk4BUEZI3,ChIJY-WkusIR5kcR-tEad3UtaSQ,10,published,2024-02-06T21:00:00.000Z,Europe/Paris,1
iVgRSjLR69eMKH9ntqxO,"215 Rue d'Aubervilliers, 75018 Paris, France",LE FIVE Paris 18,90,22:20,2023-08-30T05:41:48.651Z,48.8978522,2.3700234,10,UQf33jQhVZhle917nO0h7D5qclV2,ChIJpVT4_n1u5kcRzji6FdTBXXo,10,published,2023-08-30T20:20:00.000Z,Europe/Paris,3
iqPPmWMp1BO0Gvk7cpRd,"36 Rue des Pommiers, 95240 Cormeilles-en-Parisis, France",Foot POWER 5,90,19:30,2023-09-20T03:01:45.282Z,48.960066,2.2061913,10,sss3dYi6nzWd7rEjwcQ30LGKudj1,ChIJuTCIFshm5kcRBtEQJ76dAzc,10,canceled,2023-09-20T17:30:00.000Z,Europe/Paris,6
ittSCYdLJsrSqxgseauT,"215 Rue d'Aubervilliers, 75018 Paris, France",LE FIVE Paris 18,60,17:00,2023-08-30T19:24:24.905Z,48.8978522,2.3700234,10,UQf33jQhVZhle917nO0h7D5qclV2,ChIJpVT4_n1u5kcRzji6FdTBXXo,5,published,2023-08-30T15:00:00.000Z,Europe/Paris,5
ix2kp6ejyThdl1sG0GzI,"ZI SENIA, 2 Rue du Courson, 94320 Thiais, France",Stadium Thiais,90,16:00,2023-08-29T13:37:31.662Z,48.7511024,2.3713455,10,psf3NmXEPwdCltHKJC7VuvJocrF3,ChIJ64X9jzx05kcRsHvSfOv6UcA,8,published,2023-10-04T14:00:00.000Z,Europe/Paris,2
iyOH4ObITzRfHhcmcu8D,"9 Av. de la Prte de Choisy, 75013 Paris, France",LE FIVE Paris 13,60,23:00,2023-09-02T11:42:56.410Z,48.8181615,2.3658793,10,FjSnzlRFFfhWVWQJGfIEwRc2ZMj2,ChIJ_bOSChhz5kcRZMTeq_6Gdzg,10,published,2023-09-02T21:00:00.000Z,Europe/Paris,5
j4eKv1AnC0NrET3OeGJB,"44 Av. Vaucanson, 93370 Montfermeil, France",Footbox,60,16:00,2024-02-06T12:22:18.845Z,48.9022789,2.582647,10,QI89VPazyLhBVnWH871jk4BUEZI3,ChIJY-WkusIR5kcR-tEad3UtaSQ,10,published,2024-02-06T15:00:00.000Z,Europe/Paris,6
jLQUkSnXCgMXpzvgZ5cA,"44 Av. Vaucanson, 93370 Montfermeil, France",Footbox,60,22:00,2024-02-06T12:05:42.359Z,48.9022789,2.582647,10,QI89VPazyLhBVnWH871jk4BUEZI3,ChIJY-WkusIR5kcR-tEad3UtaSQ,10,published,2024-02-06T21:00:00.000Z,Europe/Paris,2
jNdUoO739h3pizN0nSeu,"36 Rue des Pommiers, 95240 Cormeilles-en-Parisis, France",Foot POWER 5,60,12:00,2023-09-20T03:00:57.548Z,48.960066,2.2061913,10,sss3dYi6nzWd7rEjwcQ30LGKudj1,ChIJuTCIFshm5kcRBtEQJ76dAzc,5,canceled,2023-09-20T10:00:00.000Z,Europe/Paris,6
jqPV6FxyN8DRWvFTkYgj,"10 Rue Henri de France, 95870 Bezons",LE FIVE Bezons,90,22:00,2023-08-31T14:21:16.347Z,48.91909,2.2093051,10,U3MriTZbPbTUEsU6RtRuHxDMKvg2,ChIJ04KEHBZk5kcRoDWLaMOCCwQ,14,published,2023-10-29T21:00:00.000Z,Europe/Paris,3
k5GmmbcOwlBCDRtI8ZMP,"36 Rue des Pommiers, 95240 Cormeilles-en-Parisis, France",Foot POWER 5,90,18:00,2023-09-12T06:22:49.441Z,48.960066,2.2061913,10,sss3dYi6nzWd7rEjwcQ30LGKudj1,ChIJuTCIFshm5kcRBtEQJ76dAzc,5,canceled,2023-09-12T16:00:00.000Z,Europe/Paris,1
kJjfXPOan5IukVsYzbxB,"304 Av. du Pylône, 06600 Antibes, France",Stadium Antibes,60,17:00,2024-03-05T12:19:55.697Z,43.6121609,7.122323,10,w5VZiCXqSxQ40riMnKYLO11xmeJ2,ChIJSSGxg-PUzRIRblID9ACQndc,10,published,2024-03-05T16:00:00.000Z,Europe/Paris,1
km3YdrPDwkn0Z4IizeD1,"44 Av. Vaucanson, 93370 Montfermeil, France",Footbox,60,21:00,2024-02-06T12:05:33.124Z,48.9022789,2.582647,10,QI89VPazyLhBVnWH871jk4BUEZI3,ChIJY-WkusIR5kcR-tEad3UtaSQ,10,published,2024-02-06T20:00:00.000Z,Europe/Paris,2
l3eJLWEoAlwVuF35PPKD,"215 Rue d'Aubervilliers, 75018 Paris, France",LE FIVE Paris 18,90,22:30,2024-02-11T09:30:00.519Z,48.8978522,2.3700234,10,UQf33jQhVZhle917nO0h7D5qclV2,ChIJpVT4_n1u5kcRzji6FdTBXXo,12,published,2024-02-11T21:30:00.000Z,Europe/Paris,7
l5usJgnHiGwOeAcdozPC,"ZI SENIA, 2 Rue du Courson, 94320 Thiais, France",Stadium Thiais,90,22:00,2023-08-29T13:42:35.104Z,48.7511024,2.3713455,10,psf3NmXEPwdCltHKJC7VuvJocrF3,ChIJ64X9jzx05kcRsHvSfOv6UcA,14,published,2023-08-29T20:00:00.000Z,Europe/Paris,3
lDDUGTXex3nkCvvgUxPT,"44 Av. Vaucanson, 93370 Montfermeil, France",Footbox,60,21:00,2024-02-06T12:02:40.244Z,48.9022789,2.582647,10,QI89VPazyLhBVnWH871jk4BUEZI3,ChIJY-WkusIR5kcR-tEad3UtaSQ,10,published,2024-02-06T20:00:00.000Z,Europe/Paris,1
lzfde1JOGJUaLnEfmpww,"5 Pl. de Beauval, 77100 Meaux, France",FIVE ARENA,60,17:00,2023-11-07T11:52:46.660Z,48.9539465,2.9154573,10,DvgelArQKDSIUjpBZppbbQW6AUH3,ChIJ02bKSuih6EcRb796CXVbkVs,5,canceled,2023-11-07T16:00:00.000Z,CET,3
m2DKZOoy0zjljJXzydbG,"ZI SENIA, 2 Rue du Courson, 94320 Thiais, France",Stadium Thiais,90,22:00,2023-08-29T13:43:32.366Z,48.7511024,2.3713455,10,psf3NmXEPwdCltHKJC7VuvJocrF3,ChIJ64X9jzx05kcRsHvSfOv6UcA,14,published,2023-08-29T20:00:00.000Z,Europe/Paris,5
mFt3DFpgytDOeLTisCCq,"36 Rue des Pommiers, 95240 Cormeilles-en-Parisis, France",Foot POWER 5,90,21:00,2023-09-24T07:13:30.079Z,48.960066,2.2061913,10,sss3dYi6nzWd7rEjwcQ30LGKudj1,ChIJuTCIFshm5kcRBtEQJ76dAzc,10,canceled,2023-09-24T19:00:00.000Z,Europe/Paris,7
mGxIQLQg79rORvIiEie8,"Kinshasa, République démocratique du Congo",Kinshasa,90,16:00,2024-01-19T13:42:53.244Z,-4.3032527,15.310528,10,zCvsukfMuuffsuPpSTQwb7MusMD2,ChIJi2oG_jAxahoRjTdSH05-ixY,21,published,2024-01-19T15:00:00.000Z,Europe/Paris,5
mgYZ4FAldIlIyHgDdLcn,"304 Av. du Pylône, 06600 Antibes, France",Stadium Antibes,60,16:00,2024-03-05T12:18:34.275Z,43.6121609,7.122323,10,w5VZiCXqSxQ40riMnKYLO11xmeJ2,ChIJSSGxg-PUzRIRblID9ACQndc,10,published,2024-03-05T15:00:00.000Z,Europe/Paris,6
mktDpjjbP1jKCq41Vnu9,"156 Rue de la Nouvelle France, 93100 Montreuil, France",LE FIVE Montreuil,90,09:00,2023-11-22T20:30:16.090Z,48.8613036,2.4653095,10,u9uC1vjdcdQ3UqNxI0SiFxor0m43,ChIJJdTQjr0T5kcRZmGxtIJVy44,15,published,2023-11-22T08:00:00.000Z,Europe/Paris,7
mqxWl266S8c31kaCFE4V,"156 Rue de la Nouvelle France, 93100 Montreuil, France",LE FIVE Montreuil,90,17:00,2023-11-22T20:17:53.906Z,48.8613036,2.4653095,10,u9uC1vjdcdQ3UqNxI0SiFxor0m43,ChIJJdTQjr0T5kcRZmGxtIJVy44,11,published,2023-11-22T16:00:00.000Z,Europe/Paris,4
n2Rm59MYYdGicNFHUxtA,"215 Rue d'Aubervilliers, 75018 Paris, France",LE FIVE Paris 18,60,17:00,2023-08-30T19:23:27.271Z,48.8978522,2.3700234,10,UQf33jQhVZhle917nO0h7D5qclV2,ChIJpVT4_n1u5kcRzji6FdTBXXo,5,published,2023-08-30T15:00:00.000Z,Europe/Paris,2
nVOe1pSRrO1yKlZB3FA8,"41-51 Rue Jacquard, 77400 Lagny-sur-Marne, France",Top Ten,90,17:00,2023-11-06T13:19:15.773Z,48.8729106,2.6840919,10,i27253AGxOfXgYJK72sBnvUGuMk2,ChIJfXprBx4b5kcRmhe-5pLZUek,5,published,2023-11-06T16:00:00.000Z,Europe/Paris,1
nYib3QN5uKGQUHcserLN,"41-51 Rue Jacquard, 77400 Lagny-sur-Marne, France",Top Ten,90,23:00,2023-11-06T14:08:52.196Z,48.8729106,2.6840919,10,i27253AGxOfXgYJK72sBnvUGuMk2,ChIJfXprBx4b5kcRmhe-5pLZUek,16.5,published,2023-11-06T22:00:00.000Z,Europe/Paris,2
o1ibucIPPJqeRZv1TrPA,"44 Av. Vaucanson, 93370 Montfermeil, France",Footbox,60,22:00,2024-02-06T12:24:28.491Z,48.9022789,2.582647,10,QI89VPazyLhBVnWH871jk4BUEZI3,ChIJY-WkusIR5kcR-tEad3UtaSQ,10,published,2024-02-06T21:00:00.000Z,Europe/Paris,7
ozlZNLqXLzUIHR67wpaI,"111 Rue Alexandre Fourny, 94500 Champigny-sur-Marne, France",LE FIVE Champigny,60,19:00,2023-09-04T13:25:18.009Z,48.8194084,2.5251846,10,evlV9mUgATYQ5343zpYZvk4w0r03,ChIJsXi1PLYN5kcRTVVDuczgS2s,11,published,2023-09-04T17:00:00.000Z,Europe/Paris,6
qEO8g0AI1pp43ORtEZoH,"36 Rue des Pommiers, 95240 Cormeilles-en-Parisis, France",Foot POWER 5,90,18:00,2023-09-12T06:24:31.375Z,48.960066,2.2061913,10,sss3dYi6nzWd7rEjwcQ30LGKudj1,ChIJuTCIFshm5kcRBtEQJ76dAzc,5,canceled,2023-09-12T16:00:00.000Z,Europe/Paris,3
qsAaJTbgw8ld9MrXtuQR,"44 Av. Vaucanson, 93370 Montfermeil, France",Footbox,60,15:00,2024-02-06T12:23:50.258Z,48.9022789,2.582647,10,QI89VPazyLhBVnWH871jk4BUEZI3,ChIJY-WkusIR5kcR-tEad3UtaSQ,10,published,2024-02-06T14:00:00.000Z,Europe/Paris,7
qwko26wcQOrvNWwyZnXD,"36 Rue des Pommiers, 95240 Cormeilles-en-Parisis, France",Foot POWER 5,90,18:00,2023-09-24T07:13:12.053Z,48.960066,2.2061913,10,sss3dYi6nzWd7rEjwcQ30LGKudj1,ChIJuTCIFshm5kcRBtEQJ76dAzc,10,canceled,2023-09-24T16:00:00.000Z,Europe/Paris,7
r2ZL3mC4qZwx9a4pAc4u,"187 Rte de Saint-Leu, 93800 Épinay-sur-Seine, France",FOOT IN FIVE - ÉPINAY-SUR-SEINE,90,18:00,2023-09-19T08:20:01.261Z,48.9552257,2.3328346,10,fSh9muNltcVTK0WIVstxyAAnx7V2,ChIJoUR0syFp5kcRUlStnwluaYY,15,canceled,2023-09-19T16:00:00.000Z,Europe/Paris,2
r8xibrsZQSxjnaO0q63F,"ZI SENIA, 2 Rue du Courson, 94320 Thiais, France",Stadium Thiais,90,19:00,2023-08-29T13:47:39.869Z,48.7511024,2.3713455,10,psf3NmXEPwdCltHKJC7VuvJocrF3,ChIJ64X9jzx05kcRsHvSfOv6UcA,15,published,2023-08-29T17:00:00.000Z,Europe/Paris,7
r9ZU2KKN4kyJWgkm5cHX,"ZI SENIA, 2 Rue du Courson, 94320 Thiais, France",Stadium Thiais,90,22:00,2023-08-29T13:41:31.541Z,48.7511024,2.3713455,10,psf3NmXEPwdCltHKJC7VuvJocrF3,ChIJ64X9jzx05kcRsHvSfOv6UcA,14,published,2023-08-29T20:00:00.000Z,Europe/Paris,1
rHptLq1W6pCSxzPKJVrE,"ZI SENIA, 2 Rue du Courson, 94320 Thiais, France",Stadium Thiais,90,14:30,2023-08-29T13:48:31.867Z,48.7511024,2.3713455,10,psf3NmXEPwdCltHKJC7VuvJocrF3,ChIJ64X9jzx05kcRsHvSfOv6UcA,15,published,2023-08-29T12:30:00.000Z,Europe/Paris,7
rKR0U93ez4wKXhBrRxIJ,"36 Rue des Pommiers, 95240 Cormeilles-en-Parisis, France",Foot POWER 5,90,18:00,2023-09-20T03:01:19.838Z,48.960066,2.2061913,10,sss3dYi6nzWd7rEjwcQ30LGKudj1,ChIJuTCIFshm5kcRBtEQJ76dAzc,7,canceled,2023-09-20T16:00:00.000Z,Europe/Paris,6
rNFjKX2fzJGoI6g1TKZn,"156 Rue de la Nouvelle France, 93100 Montreuil, France",LE FIVE Montreuil,60,13:00,2023-11-22T20:13:09.234Z,48.8613036,2.4653095,10,u9uC1vjdcdQ3UqNxI0SiFxor0m43,ChIJJdTQjr0T5kcRZmGxtIJVy44,7,published,2023-11-22T12:00:00.000Z,Europe/Paris,2
rWeSc9FKknIHBgcal2a2,"111 Rue Alexandre Fourny, 94500 Champigny-sur-Marne, France",LE FIVE Champigny,60,17:00,2023-09-04T13:23:07.511Z,48.8194084,2.5251846,10,evlV9mUgATYQ5343zpYZvk4w0r03,ChIJsXi1PLYN5kcRTVVDuczgS2s,7,published,2023-09-04T15:00:00.000Z,Europe/Paris,5
rbgm1ekkE1rCLo7XMPOQ,"156 Rue de la Nouvelle France, 93100 Montreuil, France",LE FIVE Montreuil,60,23:00,2023-11-22T20:18:30.591Z,48.8613036,2.4653095,10,u9uC1vjdcdQ3UqNxI0SiFxor0m43,ChIJJdTQjr0T5kcRZmGxtIJVy44,8,published,2023-11-22T22:00:00.000Z,Europe/Paris,4
sKeGd0mSOQNC6jk5sY7b,"ZI SENIA, 2 Rue du Courson, 94320 Thiais, France",Stadium Thiais,90,20:30,2023-08-29T13:47:48.660Z,48.7511024,2.3713455,10,psf3NmXEPwdCltHKJC7VuvJocrF3,ChIJ64X9jzx05kcRsHvSfOv6UcA,15,published,2023-08-29T18:30:00.000Z,Europe/Paris,7
sdNFh7Z2GIflj0yrJwjv,"156 Rue de la Nouvelle France, 93100 Montreuil, France",LE FIVE Montreuil,60,10:00,2023-11-22T20:12:54.218Z,48.8613036,2.4653095,10,u9uC1vjdcdQ3UqNxI0SiFxor0m43,ChIJJdTQjr0T5kcRZmGxtIJVy44,7,published,2023-11-22T09:00:00.000Z,Europe/Paris,2
sr4GfX9jras9MIi0YRyh,"187 Rte de Saint-Leu, 93800 Épinay-sur-Seine, France",FOOT IN FIVE - ÉPINAY-SUR-SEINE,90,12:00,2023-09-19T10:46:53.174Z,48.9552257,2.3328346,10,fSh9muNltcVTK0WIVstxyAAnx7V2,ChIJoUR0syFp5kcRUlStnwluaYY,15,canceled,2023-11-06T11:00:00.000Z,Europe/Paris,7
tDrcl93tueCOI1GX30gF,"44 Av. Vaucanson, 93370 Montfermeil, France",Footbox,60,23:00,2024-02-06T12:22:56.460Z,48.9022789,2.582647,10,QI89VPazyLhBVnWH871jk4BUEZI3,ChIJY-WkusIR5kcR-tEad3UtaSQ,10,published,2024-02-06T22:00:00.000Z,Europe/Paris,6
tGtkPbwIELisRSTTpueA,"ZI SENIA, 2 Rue du Courson, 94320 Thiais, France",Stadium Thiais,90,19:00,2023-08-29T13:42:24.421Z,48.7511024,2.3713455,10,psf3NmXEPwdCltHKJC7VuvJocrF3,ChIJ64X9jzx05kcRsHvSfOv6UcA,15,published,2023-08-29T17:00:00.000Z,Europe/Paris,3
tQyrpO1wkyIEdaz9k3so,"44 Av. Vaucanson, 93370 Montfermeil, France",Footbox,60,15:00,2024-02-06T12:22:12.877Z,48.9022789,2.582647,10,QI89VPazyLhBVnWH871jk4BUEZI3,ChIJY-WkusIR5kcR-tEad3UtaSQ,10,published,2024-02-06T14:00:00.000Z,Europe/Paris,6
tU9cA3jKbBiL0KUjyfUM,"5 Pl. de Beauval, 77100 Meaux, France",FIVE ARENA MEAUX ,90,20:30,2024-02-16T09:09:03.923Z,48.9539465,2.9154573,10,4K6djqUyJdTgGF3Q7nh7CXQHqVh1,ChIJ02bKSuih6EcRb796CXVbkVs,10,published,2024-02-16T19:30:00.000Z,Europe/Paris,5
uCAPXQpoQpir0ZokQDNk,"26 Rue Hélène et François Missoffe, 75017 Paris, France",LE FIVE Paris 17,60,17:00,2024-02-16T14:58:56.874Z,48.900032,2.3213449,10,V6mqbc9C8FNa1RQlUupjeoqOsZL2,ChIJ7eI8sFNv5kcR5xy52Wc57NU,5,published,2024-02-16T16:00:00.000Z,Europe/Paris,1
vBa8n8AX6onJTQKRzs0F,"156 Rue de la Nouvelle France, 93100 Montreuil, France",LE FIVE Montreuil,60,17:00,2023-11-22T20:13:48.554Z,48.8613036,2.4653095,10,u9uC1vjdcdQ3UqNxI0SiFxor0m43,ChIJJdTQjr0T5kcRZmGxtIJVy44,7,published,2023-11-22T16:00:00.000Z,Europe/Paris,2
vEjV9SJYVSQA7UQcQFWW,"44 Av. Vaucanson, 93370 Montfermeil, France",Footbox,60,20:00,2024-02-06T12:07:31.944Z,48.9022789,2.582647,10,QI89VPazyLhBVnWH871jk4BUEZI3,ChIJY-WkusIR5kcR-tEad3UtaSQ,10,published,2024-02-06T19:00:00.000Z,Europe/Paris,3
vM2R30T2Kp3r1DiG5LQv,"44 Av. Vaucanson, 93370 Montfermeil, France",Footbox,60,20:00,2024-02-06T12:02:28.629Z,48.9022789,2.582647,10,QI89VPazyLhBVnWH871jk4BUEZI3,ChIJY-WkusIR5kcR-tEad3UtaSQ,10,published,2024-02-06T19:00:00.000Z,Europe/Paris,1
vSF2VABdJ0ySXWZUBo0A,"41-51 Rue Jacquard, 77400 Lagny-sur-Marne, France",Top Ten,90,12:00,2023-11-08T09:39:11.874Z,48.8729106,2.6840919,10,i27253AGxOfXgYJK72sBnvUGuMk2,ChIJfXprBx4b5kcRmhe-5pLZUek,5,published,2023-11-08T11:00:00.000Z,Europe/Paris,1
vVmrSV32vdXqu57tma5w,"113 Rue de Curembourg, 45400 Fleury-les-Aubrais, France",LE FIVE Orléans Fleury,60,15:00,2024-03-06T11:37:58.025Z,47.9415754,1.9358176,10,aK807pAjR0fYf1xp6STGgehCREy2,ChIJsYfwe3n75EcRnjpH9sw356Q,6,published,2024-03-06T14:00:00.000Z,heure normale d’Europe centrale,5
vYyvLIIPVk6xrda9LlUV,"51 Av. Roger Salengro, 93120 La Courneuve, France",LE FIVE Marville - La Courneuve,60,23:00,2024-02-29T14:20:07.197Z,48.9361223,2.3872592,10,1GfAHFfqO6dOj37bPrTRuDS5gnk1,ChIJ2dHdMZxr5kcR0aKYHYsp0pY,10,published,2024-02-29T22:00:00.000Z,Europe/Paris,1
wPbvQwlFpJv8vUaCDhsj,"113 Rue de Curembourg, 45400 Fleury-les-Aubrais, France",LE FIVE Orléans Fleury,60,22:30,2024-03-06T11:42:41.844Z,47.9415754,1.9358176,10,aK807pAjR0fYf1xp6STGgehCREy2,ChIJsYfwe3n75EcRnjpH9sw356Q,9.5,published,2024-03-06T21:30:00.000Z,heure normale d’Europe centrale,1
wavBr0C8uB6NQKI1pule,"9 Av. de la Prte de Choisy, 75013 Paris, France",LE FIVE Paris 13,60,23:00,2023-09-02T11:42:36.526Z,48.8181615,2.3658793,10,FjSnzlRFFfhWVWQJGfIEwRc2ZMj2,ChIJ_bOSChhz5kcRZMTeq_6Gdzg,10,published,2023-09-02T21:00:00.000Z,Europe/Paris,4
wtMYAo5a8w8UU6oRMkI8,"41-51 Rue Jacquard, 77400 Lagny-sur-Marne, France",Top Ten,90,17:00,2023-11-06T14:03:38.476Z,48.8729106,2.6840919,10,i27253AGxOfXgYJK72sBnvUGuMk2,ChIJfXprBx4b5kcRmhe-5pLZUek,5,published,2023-11-06T16:00:00.000Z,Europe/Paris,2
xOGlBjHRELddzOtjPUFl,"41-51 Rue Jacquard, 77400 Lagny-sur-Marne, France",Top Ten,90,22:30,2023-11-06T14:10:51.051Z,48.8729106,2.6840919,10,i27253AGxOfXgYJK72sBnvUGuMk2,ChIJfXprBx4b5kcRmhe-5pLZUek,16.5,published,2024-01-10T21:30:00.000Z,Europe/Paris,2
xOgEGVJRYxtadJZEY27d,"10 Rue Henri de France, 95870 Bezons",LE FIVE Bezons,90,22:00,2023-08-31T14:18:45.726Z,48.91909,2.2093051,10,U3MriTZbPbTUEsU6RtRuHxDMKvg2,ChIJ04KEHBZk5kcRoDWLaMOCCwQ,14,published,2023-11-01T21:00:00.000Z,Europe/Paris,1
ySCeIumrZm4pxc5Up3xD,"44 Av. Vaucanson, 93370 Montfermeil, France",Footbox,60,13:00,2024-02-06T12:23:37.611Z,48.9022789,2.582647,10,QI89VPazyLhBVnWH871jk4BUEZI3,ChIJY-WkusIR5kcR-tEad3UtaSQ,10,published,2024-02-06T12:00:00.000Z,Europe/Paris,7
ya2BkzA0kH4Czi64W2KG,"Decathlon Village - La Petite Bastide, RN 8 Av. des Chabauds, 13320 Bouc-Bel-Air, France",Monclub Futbol,90,18:00,2023-09-07T05:42:05.425Z,43.4299152,5.4001974,10,CSTy9rmJRQSyWlqWuGiUhGpAGqf2,ChIJGbxxaamUyRIRgGvhHnhJStA,12,published,2023-12-05T17:00:00.000Z,Europe/Paris,7
ywnnKeZDmGld2rqrr5Tk,"ZI SENIA, 2 Rue du Courson, 94320 Thiais, France",Stadium Thiais,90,16:00,2023-08-29T13:37:20.672Z,48.7511024,2.3713455,10,psf3NmXEPwdCltHKJC7VuvJocrF3,ChIJ64X9jzx05kcRsHvSfOv6UcA,10,published,2023-08-29T14:00:00.000Z,Europe/Paris,1
zcqSY3MXdmpmTFE7x9OO,"ZI SENIA, 2 Rue du Courson, 94320 Thiais, France",Stadium Thiais,90,10:30,2023-08-29T13:46:38.140Z,48.7511024,2.3713455,10,psf3NmXEPwdCltHKJC7VuvJocrF3,ChIJ64X9jzx05kcRsHvSfOv6UcA,15,published,2023-08-29T08:30:00.000Z,Europe/Paris,7
zdziLHwXOk5NU7M3Kiw6,"113 Rue de Curembourg, 45400 Fleury-les-Aubrais, France",LE FIVE Orléans Fleury,60,22:30,2024-03-06T11:44:59.424Z,47.9415754,1.9358176,10,aK807pAjR0fYf1xp6STGgehCREy2,ChIJsYfwe3n75EcRnjpH9sw356Q,9.5,published,2024-03-06T21:30:00.000Z,heure normale d’Europe centrale,5
zgLqyMoRwkaEZpAjhhkc,"44 Av. Vaucanson, 93370 Montfermeil, France",Footbox,60,17:00,2024-02-06T12:22:23.531Z,48.9022789,2.582647,10,QI89VPazyLhBVnWH871jk4BUEZI3,ChIJY-WkusIR5kcR-tEad3UtaSQ,10,published,2024-02-06T16:00:00.000Z,Europe/Paris,6
zhAxPC2VJOY3vj3JQsaR,"Zone Europarc, 1 Rue le Corbusier, 94000 Créteil, France",LE FIVE Créteil,60,12:00,2023-09-05T13:07:48.829Z,48.7643086,2.4706522,10,ZmXMWx7aTdPoPkkGOWa2HIQVblq2,ChIJ88lx3VwL5kcRVxCh4lD6_Gk,11,published,2023-09-05T10:00:00.000Z,Europe/Paris,7
