user_id,role
01QaD6u8HdaOivOIt8hzmvAFgJm1,
05CogcKSCeZx6Ouia9XrZFewoc92,player
07VJ5zcKBAWNhG0BSHoJrubGvEM2,player
08qk2oaG9geVJgYc0MU6W2QIkLn2,player
0AiSnc2Z2PXWC01LD87WTsmGTW72,
0DG3bEGwVAf4sndFFft799pWO4B3,player
0KAfgRK4Wwb8NhE5DXjJMDwg52y1,player
0KMHV9UbVLRppiOz1yFmiJ3teGy2,player
0PRyLXeWjOMFOB1g1sbmOY5t5YD3,
0QIBLiEvx6N2QgJAkhv5xrdQ8Zn2,captain
0atohvqeYoUXiI0hUQf5rRq4QWB2,player
0j7TwABowMSAJT0DnKHjKKFOOn03,player
0px3CnZqtGQl02ypCud1mpjPW9Z2,
0s8rMBZXkKVeZlH8V2oekWaj2pJ3,
0sYfOLD3rUctUwbjcPcn6x7tWVm1,player
17Pno7SQgsg3gG6J1VYYmcOdgmX2,player
1A1NN8RxsCRD3yyNCF9MuFuBQRL2,
1IUnyvXnPIOzypTnrFCFUkws75n2,player
1KGDv4HjKicoIjRD9D8FhI7mzA03,player
1P0MZkQ0z5PwwUW6Z1neqobkG8X2,player
1Y0GTXMiSPOnTNThgMFQnWZM5S02,player
1iyoIQN15XNxHelW2P0zRK6GN5f2,captain
1kwmpLOQe1TdrEJeu7VLVVrP07F2,player
1nk8Jfr73DXn6I19IqhiXhO2NqK2,player
1tTXGCN0ydNWOivKYXpajKugBRN2,player
25ushvQdFpOvW1VdLlAlqgIlDex1,player
2ByGwnqoWGgh30uFyXCb4T6RqM52,captain
2ExLVpYV79X5eebrGA3xjTSBaDH3,
2Q9dXxStX8Wwln43DLu0KUnDKMH2,
2baGezy2KRZBtHBvQyLYExUHF3m2,player
2ct0BbV0Z3RhJ2jZBcHuqrg8ODo2,
2hUHp3US0bhLYLXQJLcM0eFtIZB3,player
2iJCMM1JAETgpQv1fggOCo0fc3a2,
3AYxfIvnHQZxJGHaVsg2xMmbTCw1,
3B4iNSDwkzYRoYd2ZrSuLFfYjws2,player
3HVn1eLBKiTQPLIEjNM6XOdLFxQ2,player
3LsIU2g6TCabSSL8fC8lEgxgNhM2,player
3MiQu2vAMxaS6OU8xb1zZCby7fK2,player
3cQHedsZDef4hhemvbhMzTR42RK2,player
3gcS9h5CCqhZhuvpuVP17nR6kcU2,
3gxvEmPV9BU0Jla5P6MRkb5Yd6r2,
3h6yVjv7voX4nxcu5ry5Wdy5MTH3,
3mbNezxn69cS0cTG7upDeQuVjAM2,
3mvYWS9iJ3bCiG7wXSQICDjg1Ht2,player
3pBEHFeWpweBChTyKbrivismqKO2,
45kixZ5IwxOgrwbUhkExqUY55F93,player
45vhcMk2dNM3vQ23qOghLcuiT9H3,
4G5nPZnahCOJKpOxpTc1yALQJRY2,
4JxNUpPweIb1sRUvaPtXygQJfEb2,
4LpN3lH0JjX1n0dMZeaxUaGj7pn1,player
4Ukvy09fekdBFX1t1zajCReCfiU2,
4fmn93aIyfYYQBuPRvcb83e1O4C2,
4hWvML1L9qfgVMS7Du2t6KJlgNg1,player
4pudP3KHgsZ8hcdEJcomw1fCJNP2,player
56OwcKYLftXQkkV2Pik1geRusDo2,player
5AvBZkoUyobijQkkitJ7ulVJoto2,captain
5BxkyJ0O39SA62weSEki2kTk0S42,player
5RPqMZnrwSd7Ks2HnR0udMP4rNG3,player
5TD5llewYqbVz5H7PJPf7oenrni1,
5f3ItbdD4qfUbbFTy6G7IlfM9Sy1,player
5gEwFJ87LPZB3KNMCTbVAavawfk1,
5lLX9nWPmrPugoGdqQ7AnFLN8Bh2,player
5r2kXHNim6bDxwl9EghmEwr9OKR2,
5tmVXPTyLsPFPmbYorbn57kdZnN2,player
5wl41FHKmTPuiTyNRpXSNWEehqC2,
63DvLC6rLYN87Zxf0uBWHfm12T73,player
63x8jUjm4PQvNqKznF4qh8pyzK22,
6XisKeUQjmcA7HIoAIDcQMZe3sc2,player
6gEaTmMKJjNyE9TkU3IpBop0cE32,player
6h1oq2LMaxOtuUWl8LvFH9apCWh1,player
73RRhV2eXLafxOlSxCiVvIdbAiF3,player
79YJUkviJmhKlTdYB4IS7w4pQJE2,
7D7ivvH9kthjUUf748BqjUC3Nll2,
7EajUnPle4SU0bHF0yAITHWnhzn1,
7Jc4uz6200SqiPyfL4r4BWGycY03,player
7Kneddrn92Rg8oe81JzN9BZq12G3,
7Ow4GKLrHsedh4tpbgOwr6DLQhj1,player
7YAbV8phtsVli543Aqtgd1NFsFA3,
7bb3Qi52nzRl6If47vgWOdsRSBk2,player
7fTynVNSwLS939bGArBj8qOzZ263,player
7ktNEuOdn1OFc53BmkFjDyJpDFu2,
7oPqBXffyFhClORjOjHwaRZ3PgC3,
7ohNux9IXhUMuQZOsgSKcNbkE9t1,
7ztBgNWxHaZ9XzrjZb6WE4ws2D12,player
84yuo2CQksbDhFhU91ZB5WUvRun2,player
86dSYLpCuQdQc7t6ZqyNAuBGnSk2,
87lgwgJE4DOTUKfW3oPJ1HVTOI72,
89I8RvX3twZrqR3o51TS8cEX3Kk2,
89kZ2PTklhSEsLqrSFKy2OXV3px1,player
8LGlGZIz42OsZhwOn0Nln9cjzE62,
8PH2iOX4E8dvE75j25zy7xmyEvm2,player
8hAM9qT9y7ed4T5v5Xcgm6qx1vG2,
8jyBB7tGcjR5jgzefjwJcP4dllZ2,player
8uKF8decfDg4mogKuhCTZyQ2fCf1,player
8wZOd2IWAyNXE4YGbQS8WfqEgBf1,
8yXeZf5B9RW4fSVZtArvg1dIhUV2,
8ysQ96ZfPJhxzmfuynXQo2YfJdg2,player
90IBSHXLdmSvuW7iSbhcbUtRag93,captain
94bKiP5depXOO23vE8BwmPbEHz23,
95ZUVSOSwJRjAxeIflObjcI2yRC2,player
9Km4QcR62PeiHkH9qhXicRkno8z1,
9MH3FUhzfqg083s0dnu1aKfb3053,
9Ok7O9Y02PSZEgM9QGh2DXMHF172,player
9OyYDy2XLSREX0EqswZcZ3Uc9x02,player
9VDs2O7P5ZgLgJi2gFPniAgpGGN2,
9a6gPeh4srZAEHDnYvOl4myUotB2,player
9dRtTsSgldPDr4cDvf82Mma2b7M2,player
9z5XGZd0pWc45V9KxmnA7pbtW0E2,player
A4odyxxJhAcT8lwYhi4JFy4dShG3,captain
AATwLRceeVXTtSPBNZTTlysIFr93,player
AFJEJdeDe9VTEZnNTlaZV2e5IYV2,player
AHbQgo6ukPd7dnxcVY2FC9pQaMD2,player
AMqLhjGUZXVYVcPOFuztoFcADW32,
ASUeTyT60ieJU5G6OR52Yix8tA33,
AVr4EJo7TJYFcZfgBUqyLJVhl443,
AWzR2VZCsUWARCcRKPVZefDFIZ93,player
AvG65YA47MbQxo3vamLOYYQ4VeB2,player
AwM94LB2QLQ1OnuT85lKoWTxCnR2,player
B6hJGB2qJnRbT2UUAaBGWAut3Zw1,player
BCMKhPgejGTnjc17jlXOqWTSPHo1,captain
BGJz0bYJn1Ykzfc1G1jA2d2Jg863,
BS6B3LFm5PgpQB1v9ZxZvXVccNT2,player
BWMnJbN9F7aIFolZaHt1h05Enq93,player
BX3h2VQ2bGQtF3nytgkrWPAVQZS2,player
BXKDgofWJAc2j2bl45jVXjAg3Mj2,
BZZDBsenCjZWs7kyXYgSZBetUoU2,
BlAuI31dzGYQIZKGU5S4OCzLdV03,player
BncFkO39RzR6gOoJKlAR8AC7u4c2,
BoLJN0Faw6dqkpvja4CmrZ3DJzm2,player
Bq6WIDEDQmNvyZ7EVDgyr7tW3pn1,player
Bw2QCYgqCbfwrBizMBKIwE1kS6p2,captain
BxVO4BA4lLd9Sky3LO8IFTWW6A62,
C5IKaORqcrbypLiw2R9qWSsCZX53,
CBD4LRdDbCW2AMlGLiLYwjihIN22,
CLqADBUHMNMajVAedKmo0aiJn4u1,
CSRMwyUf1sgonJX0ooZ6SRm2jgG2,player
CUnklqov0jWe2JziPEm3lL6F14Q2,player
CbUf6eQcg2aWEsEDAkNVHrTVHaX2,player
Cm2cXu5NkdR1j9VM9gsKqjUgKJp1,
Cu9dY3mWZZX0yfFJYggsqFowmky1,player
CuowVAwnTvcozU1jn8FNuPpCJtD3,
CwGMOepJUUVyLtvO9eroi9FIT8v2,player
Cwt0rGLcfIWyy2WnPjXTDXfbYQg2,player
Cyg5UOEVLXeERm5tmXfH833S5ms1,
D2lqsnB03ohkRedquCpNcNzfXjq1,
D6TVVVFwMpR5oenPprXYtdaeZBB3,captain
D9yQ9gW8CCZskn5w9BGo6VIVGcm1,
DAg29zwrwhe8R0EqiDdjQMsq1q73,player
DCxALC5M9fO4t9f4Tme5rjaaNgg1,player
DDkJsxfDBsU9NLQmAaqegCQcHWT2,
DFwmlQ6oqPX9L8s0E4RUse266bh1,player
DLAkOqw0zWPwT4zcYpQRjeOUcUQ2,
DMy3kBBtffPZ3LBEP9OHg62YoqF2,
DVIlpdUpQtNJDBJP91qQVMBqfoP2,captain
DcrMcv99PrgAMMdSRlLtj1WZABa2,
DsDE1vrI2tNHibbMRGlc7cWZlHj1,player
Dx2KRaSnGmPI5a8EGCOR9jTHPRc2,captain
E0Ltg4woqbOYWmWkoJ8xqz0Fv8H2,player
E0q3PUd6mPeVBSlilaH7yCwb5B32,
E7UU0sdhPFd98NMwixTe6YwzMf72,player
E81BcNbAXXRrviPTXBMaPCAxbBE3,player
EAzElIGk7tdCsaThE2kjD2NXEwS2,captain
EFsipCQ9NCXx2g9CjOxhjXE8lp32,captain
EHj2Ap9hGbXref5wH2N3RKQ9y3f2,player
ESiLCB6gzFa0UzfhOJS550Mi77A2,
EXMtdbdab5Pp0pf6ETJZYgD8GE82,player
EbmcnMypBHTPGbX7kp1EGy45U0y2,
EnNxDNI1JreuxoR38beJ1Ja158m1,player
EnXPLYI8JQebZsqLIkW4SUbGKG32,captain
EnwiuTiBmSSqOGRFYqrIuwOp68x2,
EvxFFwsukkbg9HPuJM9juXbkuNi1,player
EwmmLFzBRKaOrV232tvkYX9ZhfO2,player
F2qHki1QFXOaDypwyZJFkY7cPXg1,player
F6cmarZ9NZRWaJD34KcDbCxJX843,
FCBRw9fSufghfSqQdlVCVpzB2Fz1,player
FITrfbo5KbYLZgLu4QeZf0LJg6h2,captain
FJQwcuviIUTbowmEeMlpN1vwcc32,player
FQN7OcGxYucbkr4A1mD6sVHv5iG3,
FT4NyTkgdCQZstvIrqH6VdYtHGb2,player
FUI3EVtOfDXemPmTSdTw6JFDkbi2,player
Fd7rU3SYyBSOroqPwXQPtADtiG43,
FeSDs4tliXTs8mtjwaqPOOobYt12,player
FsQGmZtHKSPx4FY1pI1LqHJBNGf2,player
FwPOsHE0V6cImLQUHR8FZ55dHBi2,player
FywI3tK63xYbkps8Yo1pGPgCqKD2,player
G13HLMrrUAaXM95cX6GCW0sUsL63,player
G2ZKVK7twoa7oe7us98gEg1IqqC3,player
G3qhWYMtvqaPtzJl5brV57BL0353,
G4ZTKuekE8YNZcpWfUt4QXhfpll2,player
G5NqFBrQzDesJHmAlKQHMQzfbK53,player
GebGJLYVbkg5XsIf9xZY8KVQdu63,
GelNpbi4UOQQZ82zqB8f2hGydHX2,
Gf4XIsdnRVXaJgQTefk8qr6JN6k1,player
Go65A1Z4LBcVpiiWF0GIRUbM8mT2,player
Gzbe5xfizxM1AIkfjGT4ZIP6lKh1,player
H8HC4PQFF2hX6sP3MwK6zfgZqXB3,player
HA4eYpqbBHbqORnZHe2bet6sDE53,player
HAwgJsQJPNYXmHPry2nDgt4A1do2,
HUakojFG4BRmQhnCRf5Sqo27T1z1,player
HeibXSkCyrPs7ZMF9rT14cPvLYH3,player
Hf9F8kuAxUVEdUAiev7zNStzCVq2,player
HgfpwrtYdla2jv5vBTRMDWuam7I3,
I5jdsov6NrgbN2sVIX0IdcG6YHq2,player
ICuKJnCt7ZPjGdvuePVzDwCgH6E3,
IDfX2MUsp3WMMlYwa5HNHtr9SEw2,
IFHT5cPZQcbhM5aK6ibDTqvABAS2,
ILTUmm6WcbdJicS7B328bsOmycI2,
IcMd8xGJNwh3CUjKDrfIt5TxaXl1,
Ig6meOB1jucr42eVYAk2kCFuqOU2,player
IvOFvZyM1Zf1n3toOVaaiePHMtV2,
IwxAzPsQqeO0i8UpIOKykXdCoH52,player
J51m6Cd7smODmji2dY3pXaX3uC23,
JKueSytWBFhQZNVhPlGsV8dkB5o2,player
JM4kwvKmxFYturxSQ2YKrPg4gyx2,
JgUAcYwx0iQCXy4uIMkJpKgMdt13,player
Ji43nhPqhoTyIdZBBApqvlP7OP43,captain
JnC2B7zuHbWCCegwg98IIZrPOPA3,
Jq1J97yduybhT8cTVsztbUSlLA52,
JyF693y7DLf7L94coAkkSVGF7RD2,player
K8sCZFZ2lWcZ3z8Olhf6l59i0Vz2,player
K97swqiUUbRxBkFKRDsPXS9Ak3C3,
KVzGmg8UOAXwsQxivI3Iwb04QUC3,player
KWz9DPxGJOPBanpnPiRn9Jnth8j2,
Kda3fDYHUIakVEcPwFmLdoPqYh32,
KeKr0Kt0bxbV70dXY3DjYHe89XJ2,captain
KsEAklJiF4gZAcikQAXSjVJtpjy1,
L0MRz3qcyhRFvaOYtJ3tRN4FCck1,
L9jzkVDUtvc7Xmp0bC85hrT8tty2,player
LErwrmvtnbYYp4E1Kq7xlX1hXnA2,player
LF0Jw9CUR6h2ZRYs9qdHL4qo5jr2,
LHENDg3UgcUg97bcvRs1SWxcjGo1,player
LOCYYZtQHmQ6XbPWFglAZBvMDOx2,player
LPkmkICkrHfFIWUvTPzasMWZsDR2,captain
LSpaxvwfWLdpPpqguxP85kLf5Pd2,player
LU4JzyEjQuW43i89uWeH0j13PW32,
LdESZqVvx6dd3ZnqE2a56GQAk3q1,
Lebki4Oi0OVtP2it1aaMbkfUSPW2,
LtBJ7xETADUXh9Kxb2eUBVQrSMG2,
LyaBezS47gWu0n8P42ozfIqJswS2,player
M8MWgJOlR0hOLmxxHJGzJa1h7zd2,
MLgZlwLs9NXeTI9wXvQvWgH4MGJ2,player
MOGcYIjdTiXPH93ZvLv2EAcj4zr2,player
MQxb6fSFvUdMf6KqkBccb1XXnSE2,player
MUccSaN2lnS0fNhTnJlRUkFV9Ns1,
MV3kbumyOQZWzNdfn0dR7tuHKA32,player
Mhebj5Ddp8WiJ42mQtBjQHcOu6q2,player
My2PvCclkKdiXWOqk5kL269VWvv2,player
MyGjDK3eG0dI1OzpPaljZKvfbBj2,player
N0D3skPNgLT6DZLIa4sA3sBzvjC3,player
NAb3k28rDQRLayRSRE9Znck1Ysl1,player
NFGDwf0w6hRVSWt0RsWwMl0lUqw2,
NHfievxmWqVM6bCWI3miTOi9i3o1,
NJeWnFo3UvOf0tVUvKh9yLfeBwi1,player
NJiSlBGxdJTx2KXvgJpzNkZpfQm2,
NM57DQrVtxZqykZjLAgeLXKPQix1,
NRBwAV6li8P9Dw6sb3LIq55tjPF3,player
NTn6CVkS1gdLG03lLrgJLCYq2Ig2,player
Nedk4Yp0pbRlJL9yvxFzB1gso5p1,player
NeyKg9NFXpQEDxdHCbsCZnaL4nE3,player
Nqth7x7UqCNZLe0XJIryiaCGMTF3,
NuFTI1TFndYYdqcdHwaWD7293h23,
NxYo5aVt2TMgeSzhS3cJQudzCr12,player
O7fjFmRExDaiJ09kjdRZgPEse5E2,
O7urMBNgFaUykRsN6HqTfx91RhQ2,player
OQHAqXQCjuP3IuseuweWMiFT6DF2,player
OT18oADqRQaM2bYnK5j6FRCyz9p2,player
Off0V2qxv7gmCX7VPEqmNF4Ylnn1,
OhjBxyG02aekkbs0eCRShKQ33212,player
OjTNm0V8LWWfEgAQCOCh4zZrob23,player
OnPG4m1rNaNVwWvZMV23M1OzWK03,player
OqfC6YtN0FWFrxjE0LPkjQXgKJi2,
Or4DylE5rZfhBEhrA94xeKFEELb2,
OtT6LACvqoSQ8SnEP1nHa7T8daY2,
P3yhGuGvsDdYdb1J7qZeDxjM2Xq2,player
P6s2l4vjT5O7nSIuus2YTjy1bn73,player
PAAHU2SGbVe2ggS5iYBre7SqvAf2,
PFVr0A10MPTczaklwy7FphMDW9k1,
PRWDvdjP2kUwGSEGjUnluTIy71F2,player
PTPxfkgYLZUsIGYLzqvQXwsoFBr1,
PcFRymIrqHZCWs9wS1IfupJCrSz1,player
PqaFW2anNkUryRhofo3ZA3mmTn23,
PwTVVmAHTDQJf2fBeiPqGBH8GCv1,
QPNA4WVJ38hLSylooXYE5XJ4JNo2,player
QPqaMvgPKyTFZSaHmB3bBnKuqXs1,player
QQuBzwdFz9f0wzhciuO5gnoFFBk1,
QRiFaIkKcffI2CymLyzVuUy0TWk1,
QYbO06eQX6fS8g0F0SVGMwjTiui2,player
QbMFcXujquT0unZEK8DARISTcHU2,player
QkQFLvLwKKYwKSBxxKvVJn7wPLg1,player
R43JG1cNCof3PEUEjcaFgXxH1nA3,
R6JrxqTuQdNDAkTOTkOgn554GxB3,
R75cWe7ltYMFahWDosunfQVX31Z2,player
R8zMl7MJmKNt4l38sEJT6kyDIZG3,
RA5fKULX9zaIQBuPHxqWO35nhHr2,player
RDO59ClsjdTXXzZsNP5uYiP56nl2,player
RHDUtsBl1UhKkWO0Sc7ARYdzPdt2,
RKjvsyDvD3h85iteOJvPLMTyB472,player
RUEZjkJeWyXacaebis5TDkWIGEy2,
RWgA5pTZGlM6BtMrYmlZ8p7Cfh53,player
Rkgc4Zbeu5OFOSYeLCZIoV4BBFh1,
Rn187rNqqIQ1QaNHQZsSc3us7w23,player
Ro2iLAnJAOSoPDrf88mCAowdZow2,
RyZIgK6OKsNh5mNWpUqRrCLtKg62,player
S2agk35mibS7Whq0RdfKPbrgSPN2,
S5u0D0iBhQeefDVlLhvaQT7Gbmt1,
SO4iZgr3DKbwQvj3hHGWeJlr6702,player
SQYhl4kqhkVIQAKguOgCMKhw8Eh1,
SQex1Nv03BWMzHvcZs0hSo5UNtM2,player
SUb2MdRlFIh12tOuYs3hk3bAgQX2,
SViOrkB5JmTKZCgUNHpQIxKhTxB3,
SXPNrn2nQuhvhexrAZTivl2CJ5K2,
ShDhZDvmuiQPSolS5UierW2ENXj1,player
SqkQrW21pjgUPg9vYJoh10gvLPV2,captain
SuFHry30S3PMMCsvTPN3OYz3cn72,
SvxxvEBykdgmb4Uv96EAZGnkpGk2,player
T0HbZLHBa9eJbD9dNhI8U7TQMzs1,player
T3cuIdUGfjNcqjki91NtfGWdBXW2,player
T7q3t506TjWULBwVpsd7eFgBdIj2,
TAqznOOokhdVhjhq0QwGTbWdGss2,
TGSGlsiGDZQ7xGGwHId9ky5SI8r2,player
TL15QszHMjQnyDW57pt7MPrSAof2,
TR6fvYPUgsbYZtwzAU6bmnoBP1l2,player
TfZurWEHkif4Rg5XhnMeRmQu2wk1,
TgRX52D7zsh7ra6CYw8myLCErX83,
ThtwXFtYs1T0rk2jCNV043Jba6P2,player
TsBJ7d1IvPgzIsxN7oUf64bOSFc2,player
TsRlRU2kAMMfpkuMaAyaciRnNS13,
TsndLIePJLRU0Os2TRJk6ZYhAD32,player
TtTaeSQjKvXKTbeFRlZ2CkMFVEq2,
Tu8zjPV7ezWjhxn9TpWs5UmUJ2w1,
TuC7Tn01FIZVHEvTy56fRcRL2iG2,player
TznOwppgT1QX8aZX9jBTmdmkaSB2,player
UA1CqiK2twMIjZuPGHTyLZzURoI2,player
UB7ZbU2FsvMXDrmUvNh3DTZ7Jji2,captain
UHbqQIG3s5gtegcugl18kQ1IKmb2,player
ULHpFoxXGhb0yUO0wre104YA4rF3,player
URQagZqKKtXArn3BfwBWVdhW01w1,player
UVZC4xtFLOc0fGAKq8fbQ3pJg712,player
UbYU84mSt6aDOtpY6D1LFhukI1Z2,player
UeqdQaJwuzePUPrv0nY0a6OVuBj2,player
Utk5fniBl5QN71iKaOt23N2aI8I3,player
UyVFm759WHSDKbaBZdewPfiES8k1,player
V16sIRNtqCMqyvq9qNMRWI6FHwA2,player
V2xeXmubTVT2ItpArDPSXG3Gvan2,
V5BOcBvFxWaFHvecOCmWECJyDCq2,player
V6yumgx6VYNhl0rtdyEqpQCwxuD2,player
V9EvsWDE1FfsGE8ZwriJzDHOvBs2,player
VE5Y3g93HfdL86SfjtiioTSZxdD2,
VGTzx66qzkTuRYBFKrw28z0wVQ23,player
VIb1hFRxPlNVdszerxcoPveFcV73,
VJkoQtKBL5RvQMxPTkUrSMwKhXx1,player
VfKo17XpRQdWwLyd6DwchBT8p0f2,captain
ViBS3oI5TiUzLgNJwdzevDzsC8m2,player
Voy3nc3lhccizX9VjpXW8aACj4C3,
VuakqkbcVefa3Hb7ak9no2bX1Yl1,player
VzdY9cc2o4Zkq0CzsS7v29jvtpu1,
W0kRxUDJT5cEDHgWZuCHxEjYljT2,
W2Z6znD8TONr7oSnrTsGDZXpqUo2,
W73HgpaO2dWO2DHrpFXIMQUz2SW2,player
WDQrR2QV4sgRvNDL5tXbL5Pn8tS2,
WF4mLu8zMYaRi4fy74a2Ljq4a5G3,
WPRm4564eyWrxvYB29knSsixDlE3,player
WjrSCbyPh6Nar4dlnJU7fiqgI693,player
Wkv6n0uQGTdxqkz9meqm136fIDW2,
WlHKDZv7KISiL9QcusdHbSw74jD2,player
Wp4EkVV7frbOj20wEiBnU15fBG92,player
Ws626cSYelU4F16xdN8OzX0avIY2,
WspeYvx1a7eT5Ir0upQfoNBYDse2,captain
X8xh0EKzIuMzkCg61Bfb397aIAN2,player
XM4srvKcUGcWsdWOJdxReTwQsem1,player
XUWFZvHbsMZFUYoQtokjP6G3fbU2,player
XbRpy2EUDGS8rsDSzEirbll5bYD2,player
Xc97g8f7LnPzW2Tzbx9oI8oS0wK2,player
XddTVLGrfxTwEGoEav5Fldm9LHw2,
Xkyh0uCakYXchufmDL0AdVHttBH3,
Xr2HqPqTIDecuDj27nLXbBIIw7E2,player
Y2XuaaXDOvMvOZQhsAGanHKFoJk2,
Y51nbjCToSeVTnpj6nLQ6c8EBtr2,
Y59VA0EbFeNEqx7Tj5Vrmc6NDzm2,captain
YEkMkJUkjrNKSJB1fJmg5fhZ07y1,player
YIaY8VAFCLSTITFvJ3md5B5XG183,player
YJrIDRJiTxfxQ2uN2EWIhwz7jXF2,
YJuKPQJ2mjMYgj1OmgDsmXCSTyt1,player
YKloWKdfNeQlLKCAMeMCF8NGLYh1,
YNE708lNE2d1QLcjF57xscBxnx42,player
Z4MSzHuuskbNpb830tgEOeIDwx62,player
Z7xNPwQvupPg4wSfV1z9i6ebLIG3,
ZBjnezrQAcZr9cqwsbECynPrKAl1,player
ZF62Cw8VM7MLiHQXLADFwDRpioz1,
ZGWaxR41eeWvqOsAVEKwYMCfQto2,
ZPP7XcDe94UBHVUcn8rt2IrWvKf2,player
ZQbgD2RAJeVh2CoXFthFl8QA7uF2,player
ZS9rhbpHQ0XHvU02dDHHYM1RUkC2,player
ZblODzQqNzceeSSeL3DaqSmHjKS2,player
ZcsPUuukDLcmAfCFjCOOyAGCdti2,player
Zf1n2hZRoiMWw4AOy11wMmilv8b2,player
Zkz9gp99ziRWPWEDcXvGhrYbpLy1,
ZnwYiVEPeRWD2HWXn0p6PQdMLvI2,player
ZweioZ1d3yP2kN8eZGQR9QyVUId2,
aGmTiVrewhW1LBD3hKD8fjtqcOA2,
aIr2wULcCRQBYGKMjgV7Rmuyqf53,
aJzu71zwJTh1VZpegSCU8Jpwr6Q2,
aSrignPGTzVGEzZvOoGrsulGwZx2,
aVhCXxbMkDW0PEa4TX0Nq9O1jrz1,
aaUus5KpmaOA9VJQsL6RaXKaPxC3,
aaieMCqLWxMznzHr0pSAA5p9BOO2,player
ajG7SEfkByMZglSLT8hxRx1QczL2,player
ast8d5WqDTPobeAonmBMScbPjpo2,player
at1a1zDfD8OxzFccva8kifZ2xJs1,player
bBdnxKN0QYTxBaocsrHGbipgq3r2,
bBvijdU5B2g9mQY7m5OyzBJkOm52,
bH2KvzTosAevRQsHnlVtXAguPrr1,
bQ5xV9IkziTzCCXU1un6rPUELuk2,player
bXam5ecTA8b9cu7UOhbtLKYeAXA3,player
bztUwzw6WqeiOg5CqvwJbewZRCp1,player
c44fQpvKPbNI3kOs64OvVtp25gX2,player
c4aslVTD5BQPto7mQMVlQEGd0Pm1,player
c7sKMYek6STAwGTniEjw9bWwILD3,
cARLw5ESX3hUEx2Jts4TMVbkOBU2,player
cGhvPrAxXcNxxtyv20aVPYSYFcF3,player
cMwoRA5x3FcDrtCMZBEs6mn7j0x1,player
cVzevIQa9vMsrDwPC3TyrATCL0z1,
cYz1TflvzIRZKnZwM5ccoQSUEs22,
cb2BTfTDJyMTmrcRXYSQoKYV94r2,player
ccvhOQ0XjLdRyJJuEXj9SZu3xbz2,player
cdaJjUowiPMmeoX4zZEys5Aj67o1,
cow8f9Ew6zTTBandRJvPiSdnRBg2,
d13zh17QC7Pid8OAMrrZECciJBE2,
d22EDnuFMNRv1BkmgnMYJ7ieYTo2,player
d7PEdsWIN2eSohMtA5ARHdBifMk2,
dAxTN2lmDjaXi9thpfe8l0CrA232,player
dB8MvYY6ZehtW95VmqOSYqDlSPv2,player
dFqjXag6kaP0bLuEa7IijlGvFth1,
dkKzWnDX5gadSDhrYY9Yv7MvPRS2,player
dtzoD4CQdPfMdwlMLPSQg0uG5Tq2,player
e9N2eDAGaBXfDYwkVVb5wZE5NLj1,player
eJN93JaiDVeFLW6wo2zk8OCmaB52,
eMujzxYzfAaXV3asrQrk7EeHak02,player
eN9MTTil20OdNrexGhMo2ML7L9m1,
eOsxV6O5gnXC1BtHs991jtd2jvF3,player
ePbsr5XHriXuHdCAypLzy3qSqCN2,player
eYEq9n6nHRN2npwVfo7mFc6VNDn2,player
eh2Xi3lYOKZUGTx4x8m0glb7anD2,
eixPoyJ2TLO8sIuizl9YI6HMh7H2,player
eo7S0DavyDXtgILXpjwwB3yFQsz1,player
etywuYkRUTPLcL0vpw3kXdX5Gc72,player
f393EgAQmNP1Zhlv0JAnfyI7kCb2,player
f4wVtMYecKfApxV2HbPaT7iE7fv1,player
fSSCRM5uufgZFeyRZWUOfKPIy6E2,
fTHCuZ4pmsc6Uw7QVwbR00fAVwl2,player
ff1dedzCJaRPxOQbrszr25n7em82,player
ffN7rTsvSWhnd7lBiXyYYPiuvCl2,player
fje6UGNLlgM1Ctpj02Eb5jqHJ8o1,player
fo2h54Q0ASSp83fgl3kaAE132Iw1,player
fpCZzXdVdWfgnGASqRRo0HjbCtg2,player
fpE88N7TipTLSffJOpdgWigJuRG2,
fqPh0gGnIIU9MQU8x9263GJ7DxP2,player
frusZKy4T4fkUbtMKrlLnEQraE42,player
g6Txbt4lXYUnooiSpqFpmbIhcFF3,
gKFZB20ghyeaVvBAG5oazxG5db03,
gMk1y8NOd2MeQ3vQ9yG90visY9j1,
gMpMFIJYrvX2YRLAdjVTozNkAMX2,
gVL1YVwPjXVmEijnTvPVZRh0Z8S2,captain
gViWHA03F8SQTEZIpGhzQYHuuo42,
gX8waq5670N24hAGIR70EVwaDbq1,player
gcnaQNGU2JdzRHPwXTTsndhTDTp2,player
gdsM9CiTUPXTo9ykhV1wmbBZU8O2,player
gufjG4U8b3faBbhvjMzTDCGQKGh2,
gvV0Ee5mUYarf6JptGHs8iRXc9p2,player
h4A1RBg46zRyF4eQdeBzb85N2HI2,
h6alKixfUFPmaz31NUGPzkfDvYp1,
h7PfMizn4UgLA9NDedjEabajZD83,player
hOOljjHQ58XmMZ5GJea48KsizSc2,
hSRhMvgQZWhgo8pEjoBxscBTZy03,player
hV6QTpi34id8YAU3GhAjjLT23wU2,
hWn69elnvnbLR7yKQEfU4zaNg3j1,
haSNzLj89Dh6bkIuc0DxzLe7lDn2,player
hhhwmSi2OKezyLKNz8W5F3SO3uf1,player
hq3naRmr7uOjJR3dq2tOi3Yu0ZK2,player
hwKY2zkIUiabmYZvTpNDU58hu6B2,
iBDqTxgp5vc6KIaiAoO6ihMKwN53,player
iIojcP3HRZR1OqDnl3TtMNCXSGS2,player
iPMMlFbleahU77UeJ4s8OfT8NA53,player
iRGxXsy3CmSOFcxVjHUSdL9pnH83,
iRRSLBFNzuQ4i3OOXXD4cdJu7X12,player
iSI4POOAQrSYasX7D9aiG7kssdQ2,player
iW2u5jY0MUYz2xB1cP7mmZha7st2,player
iYts8TaelDZF4BdQUyxSp6uhrqZ2,player
idvfXvKsfqSFNyCl4a36g0MU1gR2,player
iz1IxVKBdheHo9OTVIRbhLV8AmE2,
j1AEZGUBxXbksxCDJBNwkG5cjZX2,
j5mt0in03XheIBJiOc2mB0m7aJW2,player
jI7YbgXGuvQCIswx8hMQU6ltgPg2,player
jQrZ9XKDKFNANcUMgSnn8my4lMV2,
jTTP6RyfzsgBbOV4gFKAiPtErx82,player
jXCEVFBVpZO0uFutkLj8crqu2e43,
jrSxJjoW58QhzhhSzEPW0uRv60M2,
jsxp83v7OndgeBhoOGWNuWDeNS12,
jwqIbfgEpUcc8802c4xzs4gBP7u2,player
k2iQYnX2erYTA5roEmrcaGonSHC2,
kBFawZOYH1M1c1EfvmRYQSpDRIU2,player
kBGc6wFgFTRftCcD73vozXe0Nit1,
kX9OPKdG4iUWcKQ0Zu5FO2yR1gW2,
kb6sFVF3B8XDLezlkKsUiux7ash1,
kfd3bn61xyeOymVZxNcPBYaEDDj1,player
koaZmDacAzMKZ9M2np49Q4wOWe83,
ktATGDrbDAdjjpLnH76XcYJGBem2,player
ktf2qYGcCVUoXarF4fjIv0ANo9m2,
kv4q0NkT21MGP1tVY8NfW2MC3g72,
kvlZ7mvBBOMMEwtesLuYplI1aR52,player
l6Yd1ybaEMMAQqY5AvpKOiMeaq12,player
l8Mcey1qXef51iHSySlJIi9XnnQ2,player
lIAyGY9seASIxSc1vctRQtiEtUJ3,
lK6mD0W5HKUU5Vn5MHAMQeNoEZQ2,player
lPuEZOXQ0fexMczYw5zlTnzPyOm2,
lRbZTXPXjcbMCTmnI6TkhGv1sHh2,
lUVFcyAUVichivmi56etc1ZCV712,player
lVeJQe6xoHXQtJk1EZknE3DOVaw2,
lcougJIACMMigAsLwMjWzblbELH3,
ljLOz65XPRXvi5anQWt5TANMvPI3,
lqw5X3hOyPQ0igPOwE6z6wCytMe2,player
lrylB6Z8YrZBUqrNK4dBy32lFNn1,player
lsbvJVGvweOZkNe4oGpkrWMeo0E2,
lwW0eRQlf5cnVOT8kUKDAoq7URC3,
lxJ2a1UBTBdIM0qURxDEvA56eeO2,player
m0BtOhO6h3VTikTsRsWEBZsfdSM2,player
m1DgEnzrUAgLyjb1JcgkCiiTw913,
m5QYIgNfwXUE9rOEFFFhZCINDBz1,player
mE69Nw6F5tPVPIbcVF2oKAhlWlJ3,
mGoJ7k8cycXahIT88tSso6fH7C42,
mHdK8Y46EPgzxPVKd3JXB1Ec1b52,player
mPvgYknfH2bTw5DtYH1MxkGAXva2,
mZlcJezZmqPfnkk9eR9Jl05LxxF2,
maYJzrSfotbRDVBXEFTrLzIGtOy1,player
mm3p4Ds7wLeJXmiUqA9OGUVoy3k1,player
muMTFCXCJ4h2lVCEvMfcSeaF13T2,
muNv1jZF8JaMf2EszJB4rb4WhZj2,player
mwXxTWRXR5fp9hfnei9CLyiSJe23,
n3d8JsoMq7W110vpjnEIE5GYmv12,player
nBdrtRTdjsSctTH9JiQNGvpRR7A2,player
nWwdcPovKEMpTdtxBFVqwIv7Ljg2,
ngHBjkWd9IRV6caV7VxYHtVZ3Wl1,player
nhe1TB3FJNWs0eyQVWSmzpMhrTX2,captain
nkpixn4VdEUXs1EAppDvKckJys82,player
nlpgtZhkDMamgPUQLfp9qzAQlZB2,
nnPUUSCljfbbf3RL88LupOawYNF2,player
nwTiWTNagNdLH9R2czCDR6bKdxx2,
o1SlVKoS1GON0A5KPrKtKTlqVWx2,player
o6O63Kd9YZUrzis8Bu6MQdCYhOf1,player
oDYbIUrarlT7njLpwiKrgQ0w1ZK2,player
oFYMO3ZRXmVebkuCaOLlmm4aLpa2,player
oRoBOyEmUANjw1jHOfVmqKKsY3o1,player
ogBsD0Hcj2XspKrFdXhymYIWMmH3,player
oj0Qa9g2YkbDdo58gMjGdUuyx5D3,player
ojvIAesFESMU2mriAZFPpH3DaEx1,player
okNWphEn6ocQYkVDVwg4hfb2ABg2,
olEH2ITlUbhFdo7kvEtH8piHi5T2,
oqoV1Hcp8WPoO4f8sL5GqgHch5H2,
oyc24GkpKVPVxJ0lsVAvZ38NVCy1,player
ozcSfqbjC8dwMFzzyyw0kloeIi12,captain
p15LWe8PBnQSgelYAb0GIJ6MWLw1,
p6k2DjSDLKZ9GWf4FuSEzsvDddm2,
p8wcUxaA4FZPFSUIwTGasDENBin2,player
pFG8DBj5vtaFQjYywxOSK3DQoZn1,player
pQEyYCwkSlQVfd8NaZHvLPqKXer2,
pRBlRyTgJBbQx6JSlQ5YmGq6wp93,player
pj3ydemCYeVAaU31l5BvFCIJYcv1,
pjDYPnsqWjVZjGDf69bVsiWD22s1,
pu7Ot2f5ItcG3iXRZBvngam6vHB2,
q6oxx44SGfPdsm82A7mCpx98zDV2,player
q9FNYdUsZ8TixKQ6GbZY5y2XEY83,player
qAbHo3PKXJPySw0qNXstB2mOILm1,player
qBmrDUqOATd2EkRYcqJor0trAtq2,
qD7Bcw8qk0Xxn2mXRFUSL48ZG7w1,player
qDgMWw8ZYDgJOOkxJ8JZFcuQlr22,player
qS4NO400JAhrJDccI7VbBcRJoQM2,
qasWbXqBkldzySRPoCwQqoiSWnu2,player
qi5xh57m37gXCS7T7dyqvtpMqxX2,player
qsHGk6VTeLgHgekuy0B0QtPlffy1,
r1zY089L7lPGy7Qm0RCmNomJwhG3,
r2tE8TnT2LSrQdrV4T89ZH62aJG3,
r37gOUbAFpR41Oz2GrEYassOWPf1,
rHnkvS3UVshTXEjhSCuAAc5pvEO2,
rMEOrOSWtgc67sbc5yepJCMecP12,
rW4NOZ89vgdHFXVckjtpkDBOHbD2,player
rXcgtlAk8RXy5tNmU84zVECSjcp2,player
reCtMPQ3Z6T3bqnaz86X6mO5lqs1,player
reobbIiiR4Nv5Rn69fAbf5UQFhk1,player
rgl8wHqdDNQB1stpDEdb6ZDb2Bh2,
s25qN3HHgbTaMBUrC8Jfesa3DAp2,
s5sq5DAHJGZgUfF5vAgsWq9j95y2,player
sNzxVofYhrOIkrFUP9qxkz9YORD3,player
sPi2BD7YbiYRXFKEGLlgzkmUm6l1,player
sQa2lwmHZJbUTsyPYh6LijRUCR62,player
sTjV9fvgIUbNWhPFv9p5hC3wXuz1,player
sexUNj3peARYaL4ovrlSeiBergx1,player
shwdAq3UVjMfUjnJZr4oTTl409x1,player
sjcgJal0c8TAkOSbu2C96BVPwz83,player
slKAm40fpmeoUoZo6wii6xjrDsr2,player
slil8t9EKBR88JzjdnlwJv2gQjw1,player
tCbAxnxTrwesKXx1lahz1QUzjr33,player
tFIJKQ3AeeV3oOqF0eYpaLIUAvm2,player
tJp1UwxE5wNMCeT64YBeZBx7Nfr1,
tQgoWUL3lURy1j7XILeoHQ1zmM12,player
tR7pZIfSN2SMAD6QilDwyONcdv42,
tSOTr76xR6OpsTUc5gRb4KzAQzB3,player
tUZcDfTBXFfJH3BYaftTNSZ9aqI3,player
tgyo4WTBJxdP5YJ4m1XzxvUY0I23,player
tsrm3UkHniP32Vlru1rr2j26rXW2,player
uBhvn6ODIbeJibAA9RZgeY6Th6x1,player
uERJqjLogXPKFrH2CO9Abm6Lr7D2,
uFJYyu9cUuOubypUYwIIWvEP2up1,
uILuIEkj0cdhEDvAWTrqKl5CWcC2,
uL6JQRecD8cLERDUbxfBnLrvNVu1,captain
uLiImyTHrIgpR715lgJCDjSSLC13,player
uTyni8JWRXSOTGJlarLHaX6EIJD2,player
uU0qlIDAxlesPDRZM8lpZZfGwYl2,player
uZ9zolJAVgT2FKgQ8SAtE6lKOty2,player
uglxwvHzq5PYDA1JwQnJrm1hv8w1,
uh1PpVSNpbOpuo7czIIEchHk5oo2,
uh6WjdsiD2YjlSXVe6d9LK0GYAM2,
uiXTvv4K6SNT3eFq1nLzHoQSjnm2,
uizcQbnFZHUMUVdJy6nF2MAenck2,player
ul8wJFmg9UT0cygvvjKDY7ySs9m1,player
urVLh6S7a3ZlqVFFOP0uvp2siwi2,player
uu3Fzek3QKbEHMluqsOUlFoPeN33,
uvg5D41wwKf2OEm2CfoDi8Gt01S2,
uxLuymSQsiPmaO0iXWLLVIPoBTn1,player
vAH1D9VOIlZqzObN3mNvDsNi5m63,player
vRAJ1HmtDtYLBoqHjOdIXCJ3qE52,
vWSNM4lAS4bkuhhiIgEQOVXZgHq2,player
vX9ZxSP6WJROPG81E4QSQhr979u2,player
vatP5ztNHtWKqOrwDR5W4Vib3ek2,
vcqxla0YtRcCusAMpTClbN8o42w1,player
vhh9YxhGxwadUDcWa8LwdGi3UTb2,player
vsf1q5cHx8YdAoNQkhYMVKgLuB12,player
vuhbUwFs2YNPXdCyPismHoalvAn2,player
w0wMjMWlcYbwfQneu95C2Esi5LC3,player
w6gFvSGNJyU8whgEWEJMxedto7i2,player
wBl9cAYUAxWYqcdFWyDGjpKvpcf1,
wDpKnNaBR1gnAlgT5Ir4h9kulg03,
wHKuyI1I17NP8oumdTNn3zXoPC22,player
wIUZ0n0qs4RKkYRkWZulCQrpnRs2,player
wR2EjvyjGXWslWxCZ9p8tjTPF9n1,player
wUs0fZXd1uOyYuM0A4LPWsQaU3Z2,player
wVjeIEMHsyYBtwJQEJyGaDiigqG2,
wWkXh4MdhcfBGHdd0M2xEI5Pu4U2,
wWnI5D9lrkTn7twmU4MzOwgWCph1,player
wX4U0LnLiVeUuCcy6lElY3rDdXn1,player
wasJcfQ2JGNCRAPVLZ6ImjDLXov2,player
wga80yfEtNbh3hl2MvSeC1ZhJ0q1,player
whkWeS9uH5NtD51wnCKJcVyD8Q42,player
wppchQXOhjP32eU7eW3Lo8hatZE2,player
wxazvPuKiXMRU570SSTgUt3ljMY2,player
wzI3NKK8slQfVCZRM3uTkLPoTOC3,captain
xCxz8hfdhlPI4NL4uUrADtqj5mM2,player
xCzgrvjwlceMHibK88TsPysHfAm1,
xfDjjWkWNNYhirRbj98S1MYClJ73,
xhbVmGfK8FTy13dqFgrYnBElf1D2,player
xjakGqSCA4OPN5uPAy1kDyqJXN82,player
xkBPvXd4sXdixnmv2LTY0ViyYDg2,player
xvsVQ8jDDja1CmlZzHKj17lYf422,player
yCNXNzp5RSeRRNJtvpn4RyS4W3z2,player
yLOqohMXebbA2vY1hlJM51gIcZI2,
yOGfFXJizMZQRRjNRxvAfq984nf1,
yStDNXghDFTpIbHyo7D9IFaspZj1,
yZZcZEBd9ah0hGq5iWhabmwfpKJ3,
ybboTmzduBMhrWC1ixgZYNa6H6p2,
yo2l5vv1SdfY9napacw69kpSFSo2,player
yragL3Q5GwWrbntTuOeSCT9xwxp2,
yz1dWeaWbGXvj94z8Sunx7uin6x1,player
z0fL8Unn07ZtfAzdhBfxrvtX7j23,
z7IAPejheYSG2Xf7YXji9rE6xWh2,captain
zDBPo8BNIBdaJv9cGz8XWwl9lPr1,player
zYcuDVH7uQadN04Yli7Nw36gSZY2,player
zje0lkuAoYQvXNBZBcxLKWxkuYH2,
zlzMpXve2vf9c3pIkKScsfz2x6S2,player
zoc3SOQftaVO2TWGlJPCjQzrxzr2,
zr63KSQD4qfBtzuYF3u5azYg1lR2,player
